pdb_id	chain	resname	resid	expt_pka
135l	A	ASP	119	3.35
135l	A	ASP	18	2.68
135l	A	GLU	35	6.06
135l	A	ASP	52	3.78
135l	A	GLU	7	2.68
135l	A	ASP	87	2.13
1a2j	A	CYS	30	3.4
1a2l	A	CYS	30	3.4
1a2m	A	CYS	30	3.4
1a2p	A	ASP	101	2.0
1a2p	A	HIS	102	6.3
1a2p	A	CTE	110	3.3
1a2p	A	ASP	12	3.8
1a2p	A	HIS	18	7.75
1a2p	A	ASP	22	3.3
1a2p	A	GLU	29	3.75
1a2p	A	ASP	44	3.6
1a2p	A	ASP	54	2.2
1a2p	A	GLU	60	3.0
1a2p	A	GLU	73	2.1
1a2p	A	ASP	75	3.1
1a2p	A	ASP	8	3.1
1a2p	A	ASP	86	4.2
1a2p	B	CTE	110	3.3
1a2p	C	ASP	101	2.0
1a2p	C	HIS	102	6.3
1a2p	C	ASP	12	3.8
1a2p	C	HIS	18	7.75
1a2p	C	ASP	22	3.3
1a2p	C	GLU	29	3.75
1a2p	C	ASP	44	3.6
1a2p	C	ASP	54	2.2
1a2p	C	GLU	60	3.0
1a2p	C	GLU	73	2.1
1a2p	C	ASP	75	3.1
1a2p	C	ASP	8	3.1
1a2p	C	ASP	86	4.2
1a42	A	HIS	64	6.0
1a42	A	TYR	7	7.1
1a6k	A	HIS	113	5.44
1a6k	A	HIS	116	6.49
1a6k	A	HIS	119	6.13
1a6k	A	HIS	12	6.29
1a6k	A	TYR	151	10.6
1a6k	A	HIS	24	6.2
1a6k	A	HIS	36	8.06
1a6k	A	HIS	48	5.25
1a6k	A	HIS	81	6.68
1a6k	A	HIS	97	5.63
1a6m	A	HIS	113	5.44
1a6m	A	HIS	116	6.49
1a6m	A	HIS	119	6.13
1a6m	A	HIS	12	6.29
1a6m	A	HIS	24	6.2
1a6m	A	HIS	36	8.06
1a6m	A	HIS	48	5.25
1a6m	A	HIS	81	6.68
1a6m	A	HIS	97	5.63
1a91	A	GLU	2	5.5
1a91	A	GLU	37	5.5
1a91	A	ASP	44	5.6
1a91	A	ASP	61	7.1
1a91	A	ASP	7	5.6
1a93	A	HIS	29	6.85
1ac1	A	CYS	30	4.4
1acv	A	CYS	30	4.9
1ans	A	TYR	18	10.1
1ans	A	GLU	20	5.4
1ans	A	CTE	27	3.3
1ans	A	TYR	7	9.7
1ao6	A	CYS	34	6.9
1ars	A	LYS	258	6.87
1axt	H	LYS	93	5.5
1azp	A	GLU	11	4.19
1azp	A	GLU	12	4.41
1azp	A	GLU	14	4.0
1azp	A	ASP	16	2.89
1azp	A	ASP	35	3.42
1azp	A	ASP	36	3.12
1azp	A	GLU	47	4.21
1azp	A	ASP	49	3.55
1azp	A	GLU	53	3.53
1azp	A	ASP	56	3.35
1azp	A	GLU	62	3.99
1azp	A	GLU	64	4.23
1b10	A	HIS	187	4.9
1b2v	A	HIS	128	7.1
1b2v	A	HIS	179	7.1
1b2v	A	HIS	32	7.3
1b2v	A	HIS	83	5.6
1b2x	A	HIS	102	6.3
1b2x	A	ASP	12	3.8
1b2x	A	HIS	18	7.75
1b2x	A	ASP	22	3.3
1b2x	A	GLU	29	3.75
1b2x	A	ASP	44	3.6
1b2x	A	GLU	60	3.0
1b2x	A	GLU	73	2.1
1b2x	A	ASP	75	3.1
1b2x	A	ASP	8	3.1
1b2x	A	ASP	86	4.2
1bcx	A	ASP	106	2.7
1bcx	A	ASP	11	2.5
1bcx	A	ASP	119	3.2
1bcx	A	ASP	121	3.6
1bcx	A	HIS	156	6.5
1bcx	A	ASP	4	3.0
1bcx	A	GLU	78	4.6
1bed	A	CYS	30	5.1
1beg	A	NTE	1	7.43
1beg	A	ASP	21	2.49
1beg	A	ASP	30	2.51
1beg	A	LYS	61	10.1
1beg	A	ASP	72	2.61
1beg	A	TYR	85	10.35
1beg	A	LYS	94	9.4
1beg	A	CTE	98	3.51
1beo	A	NTE	1	7.43
1beo	A	TYR	12	11.5
1beo	A	ASP	21	2.49
1beo	A	ASP	30	2.51
1beo	A	LYS	61	10.1
1beo	A	ASP	72	2.61
1beo	A	TYR	85	10.35
1beo	A	LYS	94	9.4
1beo	A	CTE	98	3.51
1bf4	A	NTE	1	7.0
1bf4	A	GLU	11	3.5
1bf4	A	GLU	12	3.5
1bf4	A	ASP	16	2.9
1bf4	A	ASP	35	2.6
1bf4	A	GLU	36	5.4
1bf4	A	GLU	48	3.5
1bf4	A	ASP	50	3.0
1bf4	A	GLU	54	3.2
1bf4	A	GLU	60	4.1
1bg8	A	GLU	19	4.4
1bg8	A	ASP	20	3.7
1bg8	A	ASP	25	3.7
1bg8	A	GLU	26	4.6
1bg8	A	ASP	43	3.9
1bg8	A	GLU	46	4.1
1bg8	A	ASP	47	4.1
1bg8	A	ASP	51	3.8
1bg8	A	ASP	69	3.7
1bg8	A	ASP	76	3.8
1bg8	A	GLU	81	4.2
1bg8	A	ASP	83	4.0
1bhc	J	LYS	15	10.6
1bhc	J	LYS	26	10.6
1bhc	J	ASP	3	3.0
1bhc	J	LYS	41	10.8
1bhc	J	LYS	46	10.6
1bhc	J	GLU	49	3.8
1bhc	J	ASP	50	3.4
1bhc	J	GLU	7	3.7
1bi6	H	GLU	1	3.3
1bi6	H	ASP	13	3.8
1bi6	H	GLU	2	3.3
1bi6	H	GLU	24	4.2
1bi6	H	ASP	32	3.1
1bi6	H	ASP	38	3.7
1bi6	H	ASP	9	3.0
1bi6	L	GLU	5	4.0
1bmf	D	TYR	345	8.3
1bmf	D	TYR	368	7.2
1bni	A	HIS	102	6.3
1bni	A	ASP	12	3.8
1bni	A	HIS	18	7.75
1bni	A	ASP	22	3.3
1bni	A	GLU	29	3.75
1bni	A	ASP	44	3.6
1bni	A	GLU	60	3.0
1bni	A	GLU	73	2.1
1bni	A	ASP	75	3.1
1bni	A	ASP	8	3.1
1bni	A	ASP	86	4.2
1bni	B	HIS	102	6.3
1bni	B	ASP	12	3.8
1bni	B	HIS	18	7.75
1bni	B	ASP	22	3.3
1bni	B	GLU	29	3.75
1bni	B	ASP	44	3.6
1bni	B	GLU	60	3.0
1bni	B	GLU	73	2.1
1bni	B	ASP	75	3.1
1bni	B	ASP	8	3.1
1bni	B	ASP	86	4.2
1bnj	A	HIS	102	6.3
1bnj	A	ASP	12	3.8
1bnj	A	HIS	18	7.75
1bnj	A	ASP	22	3.3
1bnj	A	GLU	29	3.75
1bnj	A	ASP	44	3.6
1bnj	A	GLU	60	3.0
1bnj	A	GLU	73	2.1
1bnj	A	ASP	75	3.1
1bnj	A	ASP	8	3.1
1bnj	A	ASP	86	4.2
1bnr	A	HIS	102	6.3
1bnr	A	ASP	12	3.8
1bnr	A	HIS	18	7.75
1bnr	A	ASP	22	3.3
1bnr	A	GLU	29	3.75
1bnr	A	ASP	44	3.6
1bnr	A	GLU	60	3.0
1bnr	A	GLU	73	2.1
1bnr	A	ASP	75	3.1
1bnr	A	ASP	8	3.1
1bnr	A	ASP	86	4.2
1bnz	A	NTE	1	7.0
1bnz	A	GLU	11	4.17
1bnz	A	GLU	12	4.33
1bnz	A	ASP	16	2.62
1bnz	A	ASP	35	2.67
1bnz	A	GLU	36	4.89
1bnz	A	GLU	48	4.03
1bnz	A	ASP	50	3.55
1bnz	A	GLU	54	3.56
1bnz	A	GLU	60	4.24
1bnz	A	CTE	64	3.4
1bpi	A	NTE	1	8.1
1bpi	A	TYR	10	9.46
1bpi	A	LYS	15	10.6
1bpi	A	TYR	21	10.0
1bpi	A	TYR	23	11.0
1bpi	A	LYS	26	10.6
1bpi	A	ASP	3	3.0
1bpi	A	TYR	35	10.6
1bpi	A	LYS	41	10.8
1bpi	A	LYS	46	10.6
1bpi	A	GLU	49	3.8
1bpi	A	ASP	50	3.4
1bpi	A	CTE	58	2.9
1bpi	A	GLU	7	3.7
1bus	A	ASP	12	3.6
1bus	A	GLU	20	4.4
1bus	A	ASP	6	4.1
1bus	A	GLU	9	4.5
1bvc	A	HIS	116	6.6
1bvc	A	HIS	119	5.6
1bvc	A	HIS	36	8.2
1bvc	A	HIS	48	5.2
1bvi	B	GLU	102	5.3
1bvi	B	ASP	15	3.52
1bvi	B	HIS	27	7.57
1bvi	B	GLU	28	5.61
1bvi	B	ASP	29	4.26
1bvi	B	ASP	3	3.54
1bvi	B	GLU	31	5.36
1bvi	B	HIS	40	7.44
1bvi	B	GLU	46	3.62
1bvi	B	ASP	49	4.22
1bvi	B	GLU	58	3.96
1bvi	B	ASP	66	3.9
1bvi	B	ASP	76	0.5
1bvi	B	GLU	82	3.27
1bvi	B	HIS	92	7.31
1c8c	A	NTE	1	7.0
1c8c	A	GLU	11	3.5
1c8c	A	GLU	12	3.5
1c8c	A	ASP	16	2.9
1c8c	A	ASP	35	2.6
1c8c	A	GLU	36	5.4
1c8c	A	GLU	48	3.5
1c8c	A	ASP	50	3.0
1c8c	A	GLU	54	3.2
1c8c	A	CTE	64	3.4
1ca5	A	GLU	11	4.19
1ca5	A	GLU	12	4.41
1ca5	A	GLU	14	4.0
1ca5	A	ASP	16	2.89
1ca5	A	ASP	35	3.42
1ca5	A	ASP	36	3.12
1ca5	A	GLU	47	4.21
1ca5	A	ASP	49	3.55
1ca5	A	GLU	53	3.53
1ca5	A	ASP	56	3.35
1ca5	A	GLU	62	3.99
1ca5	A	GLU	64	4.23
1cdc	A	CTE	176	3.11
1cdc	A	ASP	2	3.55
1cdc	A	ASP	25	3.53
1cdc	A	ASP	26	3.58
1cdc	A	ASP	28	3.57
1cdc	A	GLU	29	4.42
1cdc	A	GLU	33	4.16
1cdc	A	GLU	41	6.73
1cdc	A	GLU	56	3.92
1cdc	A	ASP	62	4.15
1cdc	A	ASP	71	3.18
1cdc	A	ASP	72	4.14
1cdc	A	ASP	94	3.87
1cdc	A	GLU	99	4.25
1cvo	A	GLU	17	4.0
1cvo	A	ASP	42	3.2
1cvo	A	ASP	59	2.3
1cx6	A	GLU	11	5.4
1cx6	A	ASP	127	3.5
1cx6	A	ASP	159	3.5
1cx6	A	ASP	20	3.6
1cx6	A	HIS	31	9.1
1cx6	A	ASP	47	3.0
1cx6	A	ASP	61	3.6
1cx6	A	GLU	62	2.8
1cx6	A	ASP	72	3.5
1cx6	A	ASP	89	4.0
1cx6	A	ASP	92	2.5
1d0d	B	NTE	1	8.1
1d0d	B	LYS	15	10.6
1d0d	B	LYS	26	10.6
1d0d	B	ASP	3	3.0
1d0d	B	LYS	41	10.8
1d0d	B	LYS	46	10.6
1d0d	B	GLU	49	3.8
1d0d	B	ASP	50	3.4
1d0d	B	CTE	58	2.9
1d0d	B	GLU	7	3.7
1de3	A	HIS	104	6.6
1de3	A	ASP	109	3.7
1de3	A	GLU	115	4.9
1de3	A	HIS	137	5.8
1de3	A	GLU	140	4.3
1de3	A	GLU	144	4.3
1de3	A	HIS	150	7.6
1de3	A	GLU	19	4.6
1de3	A	GLU	31	4.6
1de3	A	HIS	35	6.3
1de3	A	HIS	36	6.8
1de3	A	HIS	50	7.7
1de3	A	ASP	57	4.3
1de3	A	ASP	59	4.1
1de3	A	ASP	75	3.9
1de3	A	HIS	82	7.3
1de3	A	ASP	85	3.8
1de3	A	ASP	9	3.9
1de3	A	HIS	92	6.9
1de3	A	GLU	96	5.1
1dg9	A	HIS	66	8.29
1dg9	A	HIS	72	9.19
1div	A	GLU	17	3.57
1div	A	ASP	23	3.05
1div	A	GLU	38	4.04
1div	A	GLU	48	4.21
1div	A	GLU	54	4.21
1div	A	ASP	8	2.99
1dsb	A	CYS	30	3.4
1dui	A	HIS	64	7.2
1duk	A	HIS	113	5.46
1duk	A	HIS	116	6.63
1duk	A	HIS	119	6.39
1duk	A	HIS	36	7.84
1duk	A	HIS	81	6.58
1dwr	A	HIS	113	5.87
1dwr	A	HIS	116	6.79
1dwr	A	HIS	119	6.56
1dwr	A	HIS	36	7.8
1dwr	A	HIS	48	5.62
1dwr	A	HIS	81	6.94
1eej	A	CYS	98	4.1
1egf	A	NTE	1	7.7
1egf	A	ASP	11	3.9
1egf	A	HIS	22	6.8
1egf	A	GLU	24	4.1
1egf	A	ASP	27	4.0
1egf	A	ASP	40	3.6
1egf	A	ASP	46	3.8
1egf	A	CTE	53	3.5
1eh6	A	CYS	145	5.3
1epg	A	ASP	11	3.9
1epg	A	GLU	24	4.1
1epg	A	ASP	27	4.0
1epg	A	ASP	40	3.6
1epg	A	ASP	46	3.8
1eph	A	NTE	1	7.7
1eph	A	ASP	11	3.9
1eph	A	HIS	22	6.8
1eph	A	GLU	24	4.1
1eph	A	ASP	27	4.0
1eph	A	ASP	40	3.6
1eph	A	ASP	46	3.8
1eph	A	GLU	51	4.0
1eph	A	CTE	53	3.5
1epi	A	NTE	1	7.7
1epi	A	ASP	11	3.9
1epi	A	HIS	22	6.8
1epi	A	GLU	24	4.1
1epi	A	ASP	27	4.0
1epi	A	ASP	40	3.6
1epi	A	ASP	46	3.8
1epi	A	CTE	53	3.5
1era	A	HIS	26	5.8
1ert	A	NTE	1	7.3
1ert	A	GLU	103	4.4
1ert	A	CTE	105	3.2
1ert	A	GLU	13	4.8
1ert	A	ASP	16	3.7
1ert	A	ASP	20	3.6
1ert	A	ASP	26	9.9
1ert	A	CYS	32	6.3
1ert	A	HIS	43	5.5
1ert	A	GLU	47	4.1
1ert	A	GLU	56	5.0
1ert	A	ASP	58	3.1
1ert	A	GLU	6	4.8
1ert	A	ASP	60	4.2
1ert	A	ASP	61	5.3
1ert	A	ASP	64	3.1
1ert	A	GLU	68	4.9
1ert	A	GLU	70	4.6
1ert	A	GLU	88	3.7
1ert	A	GLU	95	4.1
1ert	A	GLU	98	3.9
1eru	A	GLU	103	4.5
1eru	A	GLU	13	4.4
1eru	A	ASP	16	4.2
1eru	A	ASP	20	3.8
1eru	A	ASP	26	8.1
1eru	A	GLU	47	4.3
1eru	A	GLU	56	5.1
1eru	A	ASP	58	2.7
1eru	A	GLU	6	4.9
1eru	A	ASP	60	3.9
1eru	A	ASP	61	5.2
1eru	A	ASP	64	3.2
1eru	A	GLU	68	5.1
1eru	A	GLU	70	4.8
1eru	A	GLU	88	3.6
1eru	A	GLU	95	4.1
1eru	A	GLU	98	3.9
1ex3	A	ASP	102	1.36
1ex3	A	ASP	194	2.29
1ey0	A	HIS	121	5.3
1ey0	A	HIS	124	5.73
1ey0	A	HIS	46	5.86
1ey0	A	HIS	8	6.52
1ey7	A	HIS	121	5.25
1ey7	A	HIS	124	5.71
1ey7	A	HIS	46	6.49
1ey7	A	HIS	8	6.53
1fez	A	LYS	53	9.3
1fks	A	HIS	87	6.51
1fks	A	HIS	94	5.84
1fmh	A	GLU	1	4.14
1fmh	A	GLU	13	4.37
1fmh	A	GLU	15	4.11
1fmh	A	GLU	20	4.41
1fmh	A	GLU	22	4.82
1fmh	A	GLU	27	4.65
1fmh	A	GLU	29	4.63
1fmh	A	GLU	6	4.82
1fmh	A	GLU	8	4.52
1fmh	B	GLU	1	4.22
1fna	A	GLU	38	3.8
1fna	A	GLU	47	3.9
1fna	A	ASP	67	4.2
1fna	A	ASP	80	3.4
1fov	A	CYS	11	4.1
1fvj	A	CYS	30	3.75
1fw7	A	HIS	102	6.3
1fw7	A	ASP	12	3.8
1fw7	A	HIS	18	7.75
1fw7	A	ASP	22	3.3
1fw7	A	GLU	29	3.75
1fw7	A	ASP	44	3.6
1fw7	A	GLU	60	3.0
1fw7	A	GLU	73	2.1
1fw7	A	ASP	75	3.1
1fw7	A	ASP	8	3.1
1fw7	A	ASP	86	4.2
1gb1	A	LYS	10	11.0
1gb1	A	GLU	15	4.4
1gb1	A	GLU	19	3.7
1gb1	A	ASP	22	2.9
1gb1	A	GLU	27	4.5
1gb1	A	LYS	28	10.9
1gb1	A	TYR	33	11.0
1gb1	A	ASP	36	3.8
1gb1	A	ASP	40	4.0
1gb1	A	GLU	42	4.4
1gb1	A	ASP	46	3.6
1gb1	A	ASP	47	3.4
1gb1	A	GLU	56	4.0
1gbg	A	GLU	109	7.0
1gns	A	HIS	64	7.17
1goa	A	ASP	10	6.1
1goa	A	ASP	108	3.2
1goa	A	GLU	119	4.1
1goa	A	HIS	124	7.1
1goa	A	HIS	127	7.9
1goa	A	GLU	129	3.6
1goa	A	GLU	131	4.3
1goa	A	ASP	134	4.1
1goa	A	GLU	135	4.3
1goa	A	GLU	147	4.2
1goa	A	GLU	154	4.4
1goa	A	GLU	32	3.6
1goa	A	GLU	48	4.4
1goa	A	GLU	57	3.2
1goa	A	GLU	6	4.5
1goa	A	GLU	61	3.9
1goa	A	HIS	62	7.0
1goa	A	GLU	64	4.4
1goa	A	ASP	70	2.6
1goa	A	HIS	83	5.5
1goa	A	ASP	94	3.2
1gs9	A	LYS	1	10.5
1gs9	A	LYS	143	9.5
1gs9	A	LYS	146	9.2
1gs9	A	LYS	157	11.1
1gs9	A	LYS	69	10.4
1gs9	A	LYS	72	10.0
1gs9	A	LYS	75	10.1
1gs9	A	LYS	95	10.1
1gu8	A	ASP	75	3.5
1gym	A	HIS	227	6.9
1gym	A	HIS	32	7.6
1gym	A	HIS	82	6.9
1gym	A	HIS	92	5.4
1gzw	A	HIS	44	5.7
1gzw	A	HIS	52	6.3
1h4g	A	HIS	11	6.52
1h4g	A	ASP	12	3.94
1h4g	A	GLU	126	4.51
1h4g	A	ASP	15	3.35
1h4g	A	GLU	167	3.58
1h4g	A	GLU	17	4.31
1h4g	A	GLU	178	4.1
1h4g	A	GLU	184	6.5
1h4g	A	ASP	21	3.46
1h4g	A	HIS	32	6.68
1h4g	A	ASP	5	3.84
1h4g	A	GLU	56	4.55
1h4g	A	HIS	60	4.01
1h4g	A	ASP	90	3.88
1h4g	A	GLU	94	3.94
1h4g	B	HIS	11	6.52
1h4g	B	ASP	12	3.94
1h4g	B	GLU	126	4.51
1h4g	B	ASP	15	3.35
1h4g	B	GLU	167	3.58
1h4g	B	GLU	17	4.31
1h4g	B	GLU	178	4.1
1h4g	B	GLU	184	6.5
1h4g	B	ASP	21	3.46
1h4g	B	HIS	32	6.68
1h4g	B	ASP	5	3.84
1h4g	B	GLU	56	4.55
1h4g	B	HIS	60	4.01
1h4g	B	ASP	90	3.88
1h4g	B	GLU	94	3.94
1hho	A	NTE	1	7.16
1hho	A	HIS	112	8.1
1hho	A	HIS	20	7.0
1hho	A	HIS	50	7.1
1hho	A	HIS	72	7.1
1hho	A	HIS	89	5.6
1hho	B	NTE	1	7.0
1hho	B	HIS	146	7.0
1hho	B	HIS	2	6.7
1hho	B	HIS	77	7.8
1hic	A	GLU	17	3.79
1hic	A	ASP	33	4.24
1hic	A	GLU	35	4.32
1hic	A	GLU	43	4.24
1hic	A	ASP	5	4.25
1hic	A	GLU	8	4.28
1hng	A	CTE	176	3.11
1hng	A	ASP	2	3.55
1hng	A	ASP	25	3.53
1hng	A	ASP	26	3.58
1hng	A	ASP	28	3.57
1hng	A	GLU	29	4.42
1hng	A	GLU	33	4.16
1hng	A	GLU	41	6.73
1hng	A	GLU	56	3.92
1hng	A	ASP	62	4.15
1hng	A	ASP	71	3.18
1hng	A	ASP	72	4.14
1hng	A	ASP	94	3.87
1hng	A	GLU	99	4.25
1hpx	A	ASP	29	3.19
1hpx	A	ASP	30	3.88
1hpx	A	ASP	60	2.99
1hrc	A	HIS	18	2.5
1hrc	A	HIS	33	6.4
1hrc	A	TYR	67	11.0
1hrc	A	LYS	79	9.0
1hv0	A	GLU	172	7.2
1hv0	A	GLU	78	4.6
1hv1	A	GLU	172	7.2
1hv1	A	GLU	78	4.6
1i0e	A	CYS	283	5.6
1i0v	A	GLU	102	5.3
1i0v	A	ASP	15	3.52
1i0v	A	HIS	27	7.57
1i0v	A	GLU	28	5.61
1i0v	A	ASP	29	4.26
1i0v	A	ASP	3	3.54
1i0v	A	GLU	31	5.36
1i0v	A	HIS	40	7.44
1i0v	A	GLU	46	3.62
1i0v	A	ASP	49	4.22
1i0v	A	GLU	58	3.96
1i0v	A	ASP	66	3.9
1i0v	A	ASP	76	0.5
1i0v	A	GLU	82	3.27
1i0v	A	HIS	92	7.31
1i7k	A	CYS	102	10.9
1ig5	A	LYS	1	10.59
1ig5	A	GLU	11	4.74
1ig5	A	LYS	12	11.06
1ig5	A	LYS	16	11.06
1ig5	A	GLU	17	3.62
1ig5	A	LYS	25	11.81
1ig5	A	GLU	26	4.08
1ig5	A	LYS	29	11.28
1ig5	A	GLU	4	3.77
1ig5	A	LYS	41	10.93
1ig5	A	ASP	47	3.04
1ig5	A	GLU	48	4.62
1ig5	A	GLU	5	3.4
1ig5	A	LYS	55	12.12
1ig5	A	GLU	64	3.84
1ig5	A	LYS	7	11.36
1ig5	A	LYS	71	10.73
1ig5	A	LYS	72	11.33
1igc	A	GLU	20	4.3
1igc	A	ASP	27	2.9
1igc	A	GLU	29	4.2
1igc	A	GLU	32	4.6
1igc	A	ASP	41	3.9
1igc	A	ASP	45	4.4
1igc	A	ASP	51	3.6
1igc	A	ASP	52	3.4
1igc	A	GLU	61	4.2
1igd	A	GLU	20	4.3
1igd	A	LYS	24	10.7
1igd	A	ASP	27	2.9
1igd	A	GLU	29	4.2
1igd	A	GLU	32	4.6
1igd	A	ASP	41	3.9
1igd	A	ASP	45	4.4
1igd	A	ASP	51	3.6
1igd	A	ASP	52	3.4
1igd	A	GLU	61	4.2
1igv	A	LYS	1	10.59
1igv	A	GLU	11	4.74
1igv	A	LYS	12	11.06
1igv	A	LYS	16	11.06
1igv	A	GLU	17	3.62
1igv	A	LYS	25	11.81
1igv	A	GLU	26	4.08
1igv	A	LYS	29	11.28
1igv	A	GLU	4	3.77
1igv	A	LYS	41	10.93
1igv	A	ASP	47	3.04
1igv	A	GLU	48	4.62
1igv	A	GLU	5	3.4
1igv	A	LYS	55	12.12
1igv	A	GLU	64	3.84
1igv	A	LYS	7	11.36
1igv	A	LYS	71	10.73
1igv	A	LYS	72	11.33
1iw6	A	ASP	85	7.2
1iwg	A	ASP	408	7.4
1j42	A	CYS	106	5.4
1j6y	A	CYS	70	4.9
1jas	A	CYS	88	10.2
1jbb	A	CYS	87	11.1
1jhb	A	CYS	23	3.6
1jv8	A	TYR	10	9.46
1jv8	A	LYS	15	10.4
1jv8	A	TYR	21	9.94
1jv8	A	TYR	23	11.0
1jv8	A	LYS	26	10.4
1jv8	A	ASP	3	3.55
1jv8	A	TYR	35	10.6
1jv8	A	LYS	41	10.8
1jv8	A	LYS	46	10.4
1jv8	A	GLU	49	3.91
1jv8	A	ASP	50	3.2
1jv8	A	GLU	7	3.85
1kf3	A	HIS	105	6.5
1kf3	A	GLU	111	3.5
1kf3	A	HIS	119	6.5
1kf3	A	HIS	12	6.0
1kf3	A	ASP	121	3.0
1kf3	A	GLU	2	2.7
1kf3	A	ASP	38	2.1
1kf3	A	GLU	49	4.3
1kf3	A	ASP	53	3.7
1kf3	A	ASP	83	3.3
1kf3	A	GLU	86	4.0
1kf3	A	GLU	9	4.0
1kn6	A	HIS	40	6.3
1kn6	A	HIS	45	5.6
1kn6	A	HIS	48	6.0
1kn6	A	HIS	58	5.9
1kqv	A	LYS	1	10.6
1kqv	A	GLU	11	4.7
1kqv	A	LYS	12	11.1
1kqv	A	LYS	16	10.1
1kqv	A	GLU	17	3.62
1kqv	A	LYS	25	11.7
1kqv	A	GLU	26	4.1
1kqv	A	LYS	29	11.4
1kqv	A	GLU	4	3.8
1kqv	A	LYS	41	10.9
1kqv	A	ASP	47	3.0
1kqv	A	GLU	48	4.6
1kqv	A	GLU	5	3.4
1kqv	A	LYS	55	12.1
1kqv	A	GLU	64	3.8
1kqv	A	LYS	7	11.4
1kqv	A	LYS	71	10.7
1kqv	A	LYS	72	11.3
1ksm	A	LYS	1	10.6
1ksm	A	GLU	11	4.7
1ksm	A	LYS	12	11.1
1ksm	A	LYS	16	10.1
1ksm	A	GLU	17	3.62
1ksm	A	LYS	25	11.7
1ksm	A	GLU	26	4.1
1ksm	A	LYS	29	11.4
1ksm	A	GLU	4	3.8
1ksm	A	LYS	41	10.9
1ksm	A	ASP	47	3.0
1ksm	A	GLU	48	4.6
1ksm	A	GLU	5	3.4
1ksm	A	LYS	55	12.1
1ksm	A	GLU	64	3.8
1ksm	A	LYS	7	11.4
1ksm	A	LYS	71	10.7
1ksm	A	LYS	72	11.3
1kte	A	CYS	22	4.9
1kvr	A	TYR	149	6.71
1kvs	A	TYR	149	6.28
1kvt	A	TYR	149	6.86
1kxi	A	GLU	17	4.0
1kxi	A	HIS	4	5.6
1kxi	A	ASP	42	3.2
1kxi	A	ASP	59	2.3
1l54	A	LYS	102	6.5
1l98	A	GLU	105	6.0
1le2	A	LYS	143	9.4
1le2	A	LYS	146	9.9
1le2	A	LYS	157	10.9
1le2	A	LYS	69	10.1
1le2	A	LYS	72	10.0
1le2	A	LYS	75	10.0
1le2	A	LYS	95	10.2
1ljl	A	CYS	10	6.8
1ljl	A	CYS	89	9.5
1lju	A	CYS	10	6.8
1lkj	A	LYS	13	10.23
1lkj	A	LYS	21	10.55
1lkj	A	LYS	77	10.55
1lkj	A	LYS	94	10.55
1lni	A	ASP	1	3.44
1lni	A	NTE	1	9.14
1lni	A	GLU	14	5.02
1lni	A	ASP	17	3.72
1lni	A	ASP	25	4.87
1lni	A	TYR	30	11.3
1lni	A	ASP	33	2.39
1lni	A	GLU	41	4.14
1lni	A	TYR	49	10.6
1lni	A	HIS	53	8.27
1lni	A	GLU	54	2.26
1lni	A	GLU	74	3.47
1lni	A	GLU	78	3.13
1lni	A	ASP	79	7.37
1lni	A	ASP	84	3.01
1lni	A	HIS	85	6.35
1lni	A	ASP	93	3.09
1lni	A	CTE	96	2.42
1lse	A	LYS	1	10.8
1lse	A	ASP	101	4.09
1lse	A	LYS	116	10.4
1lse	A	ASP	119	3.2
1lse	A	LYS	13	10.5
1lse	A	ASP	18	2.66
1lse	A	LYS	33	10.6
1lse	A	GLU	35	6.2
1lse	A	ASP	48	1.6
1lse	A	ASP	52	3.68
1lse	A	ASP	66	0.9
1lse	A	GLU	7	2.85
1lse	A	ASP	87	2.07
1lse	A	LYS	96	10.8
1lse	A	LYS	97	10.3
1lys	A	LYS	1	10.8
1lys	A	ASP	101	4.09
1lys	A	LYS	116	10.4
1lys	A	ASP	119	3.2
1lys	A	LYS	13	10.5
1lys	A	ASP	18	2.66
1lys	A	LYS	33	10.6
1lys	A	GLU	35	6.2
1lys	A	ASP	48	1.6
1lys	A	ASP	52	3.68
1lys	A	ASP	66	0.9
1lys	A	GLU	7	2.85
1lys	A	ASP	87	2.07
1lys	A	LYS	96	10.8
1lys	A	LYS	97	10.3
1lz1	A	HIS	78	7.12
1lz3	A	ASP	119	3.35
1lz3	A	ASP	18	2.68
1lz3	A	GLU	35	6.06
1lz3	A	ASP	52	3.78
1lz3	A	GLU	7	2.68
1lz3	A	ASP	87	2.13
1m2c	A	HIS	12	6.5
1m2c	A	HIS	9	6.6
1m56	A	GLU	286	9.4
1mbc	A	TYR	103	10.3
1mbc	A	HIS	113	5.4
1mbc	A	HIS	116	6.6
1mbc	A	HIS	119	6.1
1mbc	A	HIS	12	6.4
1mbc	A	TYR	151	10.5
1mbc	A	HIS	24	6.2
1mbc	A	HIS	36	8.2
1mbc	A	HIS	48	5.5
1mbc	A	HIS	81	6.7
1mbc	A	HIS	97	5.6
1mek	A	CYS	36	4.5
1mgs	A	HIS	19	5.2
1mgs	A	HIS	34	5.8
1mh1	A	CYS	18	7.3
1mut	A	LYS	39	8.4
1mut	A	GLU	53	7.6
1n5u	A	CYS	34	5.0
1nfn	A	LYS	1	10.5
1nfn	A	LYS	143	9.5
1nfn	A	LYS	146	9.2
1nfn	A	LYS	157	11.1
1nfn	A	LYS	69	10.4
1nfn	A	LYS	72	10.0
1nfn	A	LYS	75	10.1
1nfn	A	LYS	95	10.1
1ni7	A	CYS	61	6.5
1nlx	A	GLU	103 (503)	3.65
1nlx	A	HIS	105 (505)	6.5
1nlx	A	GLU	13 (413)	3.8
1nlx	A	ASP	14 (414)	3.5
1nlx	A	ASP	33 (433)	3.38
1nlx	A	GLU	39 (439)	4.84
1nlx	A	GLU	407	4.25
1nlx	A	GLU	408	3.19
1nlx	A	GLU	413	3.8
1nlx	A	ASP	414	3.5
1nlx	A	ASP	433	3.38
1nlx	A	GLU	439	4.84
1nlx	A	ASP	452	2.4
1nlx	A	ASP	465	4.8
1nlx	A	GLU	466	4.06
1nlx	A	ASP	476	3.5
1nlx	A	HIS	477	7.4
1nlx	A	GLU	481	3.52
1nlx	A	ASP	482	3.06
1nlx	A	GLU	485	4.59
1nlx	A	HIS	490	7.3
1nlx	A	GLU	493	4.21
1nlx	A	GLU	503	3.65
1nlx	A	HIS	505	6.5
1nlx	A	ASP	52 (452)	2.4
1nlx	A	ASP	65 (465)	4.8
1nlx	A	GLU	66 (466)	4.06
1nlx	A	ASP	76 (476)	3.5
1nlx	A	HIS	77 (477)	7.4
1nlx	A	GLU	8 (408)	3.19
1nlx	A	GLU	81 (481)	3.52
1nlx	A	ASP	82 (482)	3.06
1nlx	A	GLU	85 (485)	4.59
1nlx	A	HIS	90 (490)	7.3
1nlx	A	GLU	93 (493)	4.21
1nlx	A (SEQUENCE #'S DON’T MATCH RESEARCH EVENTHOUGH ARTICLE USES THIS EXACT PDB AND CHAIN)	GLU	7 (407)	4.25
1nzp	A	LYS	248	10.27
1nzp	A	LYS	259	10.07
1nzp	A	LYS	265	10.23
1nzp	A	LYS	273	10.07
1nzp	A	LYS	281	10.01
1nzp	A	LYS	287	10.65
1nzp	A	LYS	291	10.26
1nzp	A	LYS	307	10.16
1nzp	A	LYS	312	9.58
1nzp	A	LYS	324	10.27
1o73	A	CYS	40	7.2
1p5f	A	CYS	106	5.4
1pga	A	GLU	15	4.4
1pga	A	GLU	19	3.7
1pga	A	ASP	22	2.9
1pga	A	GLU	27	4.5
1pga	A	LYS	28	10.9
1pga	A	ASP	36	3.8
1pga	A	ASP	40	4.0
1pga	A	GLU	42	4.4
1pga	A	ASP	46	3.6
1pga	A	ASP	47	3.4
1pga	A	GLU	56	4.0
1pgb	A	GLU	15	4.4
1pgb	A	GLU	19	3.7
1pgb	A	ASP	22	2.9
1pgb	A	GLU	27	4.5
1pgb	A	LYS	28	10.9
1pgb	A	ASP	36	3.8
1pgb	A	ASP	40	4.0
1pgb	A	GLU	42	4.4
1pgb	A	ASP	46	3.6
1pgb	A	ASP	47	3.4
1pgb	A	GLU	56	4.0
1pgj	A	LYS	185	9.9
1pgj	A	GLU	192	7.1
1pnt	A	HIS	66	8.29
1pnt	A	HIS	72	9.19
1poh	A	HIS	76	6.0
1ppf	I	GLU	10	4.14
1ppf	I	TYR	11	10.2
1ppf	I	LYS	13	9.87
1ppf	I	GLU	19	3.21
1ppf	I	TYR	20	11.1
1ppf	I	ASP	27	2.22
1ppf	I	LYS	29	11.12
1ppf	I	LYS	34	10.13
1ppf	I	GLU	43	4.81
1ppf	I	HIS	52	7.5
1ppf	I	LYS	55	11.1
1ppf	I	ASP	7	2.67
1ppn	A	CYS	25	3.32
1ppo	A	CYS	25	3.3
1prw	A	LYS	13	10.09
1prw	A	LYS	148	10.0
1prw	A	LYS	21	9.88
1prw	A	LYS	30	9.84
1prw	A	LYS	75	9.29
1prw	A	LYS	77	10.23
1prw	A	LYS	94	9.65
1ptd	A	HIS	227	6.9
1ptd	A	HIS	32	7.6
1ptd	A	HIS	82	6.9
1ptd	A	HIS	92	5.4
1q74	A	TYR	142	10.5
1q74	A	ASP	15	7.3
1qh7	A	HIS	11	6.52
1qh7	A	ASP	12	3.94
1qh7	A	GLU	126	4.51
1qh7	A	ASP	15	3.35
1qh7	A	GLU	167	3.58
1qh7	A	GLU	17	4.31
1qh7	A	GLU	178	4.1
1qh7	A	GLU	184	6.5
1qh7	A	CTE	207	3.9
1qh7	A	ASP	21	3.46
1qh7	A	HIS	32	6.68
1qh7	A	ASP	5	3.84
1qh7	A	GLU	56	4.55
1qh7	A	HIS	60	4.01
1qh7	A	ASP	90	3.88
1qh7	A	GLU	94	3.94
1qk1	A	CYS	278	5.6
1qlp	A	CYS	232	6.8
1qt8	A	GLU	108	4.2
1qt8	A	GLU	11	4.7
1qt8	A	ASP	127	3.5
1qt8	A	GLU	128	4.4
1qt8	A	ASP	159	3.4
1qt8	A	ASP	20	1.5
1qt8	A	GLU	22	4.3
1qt8	A	HIS	26	6.8
1qt8	A	HIS	31	8.9
1qt8	A	GLU	45	3.8
1qt8	A	ASP	47	3.1
1qt8	A	GLU	5	3.7
1qt8	A	ASP	61	3.6
1qt8	A	GLU	62	2.9
1qt8	A	GLU	64	4.4
1qt8	A	ASP	72	3.3
1qt8	A	ASP	89	4.0
1qt8	A	ASP	92	2.7
1rdd	A	ASP	10	6.1
1rdd	A	ASP	108	3.2
1rdd	A	GLU	119	4.1
1rdd	A	HIS	124	7.1
1rdd	A	HIS	127	7.9
1rdd	A	GLU	129	3.6
1rdd	A	GLU	131	4.3
1rdd	A	ASP	134	4.3
1rdd	A	GLU	135	4.3
1rdd	A	GLU	147	4.2
1rdd	A	GLU	154	4.4
1rdd	A	GLU	32	3.6
1rdd	A	GLU	48	4.4
1rdd	A	GLU	57	3.2
1rdd	A	GLU	6	4.5
1rdd	A	GLU	61	3.9
1rdd	A	HIS	62	7.0
1rdd	A	GLU	64	4.4
1rdd	A	ASP	70	2.6
1rdd	A	ASP	94	3.2
1rga	A	HIS	27	7.57
1rga	A	GLU	28	5.61
1rga	A	HIS	40	7.44
1rga	A	GLU	58	3.96
1rga	A	ASP	76	0.5
1rga	A	HIS	92	7.31
1rgg	A	ASP	1	3.44
1rgg	A	NTE	1	9.14
1rgg	A	GLU	14	5.02
1rgg	A	ASP	17	3.72
1rgg	A	ASP	25	4.87
1rgg	A	TYR	30	11.3
1rgg	A	ASP	33	2.39
1rgg	A	GLU	41	4.14
1rgg	A	TYR	49	10.6
1rgg	A	HIS	53	8.27
1rgg	A	GLU	54	3.42
1rgg	A	GLU	74	3.47
1rgg	A	GLU	78	3.13
1rgg	A	ASP	79	7.37
1rgg	A	ASP	84	3.01
1rgg	A	HIS	85	6.35
1rgg	A	ASP	93	3.09
1rgg	A	CTE	96	2.42
1rnh	A	ASP	10	6.1
1rnh	A	ASP	108	3.2
1rnh	A	GLU	119	4.1
1rnh	A	HIS	124	7.1
1rnh	A	HIS	127	7.9
1rnh	A	GLU	129	3.6
1rnh	A	GLU	131	4.3
1rnh	A	ASP	134	4.1
1rnh	A	GLU	135	4.3
1rnh	A	GLU	147	4.2
1rnh	A	GLU	32	3.6
1rnh	A	GLU	48	4.4
1rnh	A	GLU	57	3.2
1rnh	A	GLU	6	4.5
1rnh	A	GLU	61	3.9
1rnh	A	HIS	62	7.0
1rnh	A	GLU	64	4.4
1rnh	A	ASP	70	2.6
1rnh	A	HIS	83	5.5
1rnh	A	ASP	94	3.2
1rnz	A	HIS	105	6.5
1rnz	A	GLU	111	3.5
1rnz	A	HIS	119	6.5
1rnz	A	HIS	12	6.0
1rnz	A	ASP	121	3.0
1rnz	A	GLU	2	2.7
1rnz	A	ASP	38	2.1
1rnz	A	GLU	49	4.3
1rnz	A	ASP	53	3.7
1rnz	A	ASP	83	3.3
1rnz	A	GLU	86	4.0
1rnz	A	GLU	9	4.0
1sap	A	GLU	11	4.19
1sap	A	GLU	12	4.41
1sap	A	GLU	14	4.0
1sap	A	ASP	16	2.89
1sap	A	ASP	35	3.42
1sap	A	ASP	36	3.12
1sap	A	GLU	47	4.21
1sap	A	ASP	49	3.55
1sap	A	GLU	53	3.53
1sap	A	ASP	56	3.35
1sap	A	GLU	62	3.99
1sap	A	GLU	64	4.23
1sgz	A	ASP	228	3.5
1sgz	A	ASP	32	5.2
1sso	A	GLU	10	3.78
1sso	A	GLU	11	3.9
1sso	A	ASP	15	2.11
1sso	A	ASP	34	2.16
1sso	A	GLU	35	4.33
1sso	A	GLU	47	3.45
1sso	A	ASP	49	2.96
1sso	A	GLU	53	3.01
1sso	A	GLU	59	3.82
1st9	A	CYS	73	8.8
1stg	A	HIS	124	5.99
1stg	A	HIS	46	5.8
1stg	A	HIS	8	6.82
1stn	A	GLU	10	2.82
1stn	A	GLU	101	3.81
1stn	A	HIS	121	5.3
1stn	A	GLU	122	3.89
1stn	A	HIS	124	5.73
1stn	A	GLU	129	3.75
1stn	A	GLU	135	3.76
1stn	A	GLU	142	4.49
1stn	A	ASP	143	3.8
1stn	A	ASP	146	3.86
1stn	A	ASP	40	3.87
1stn	A	GLU	43	4.32
1stn	A	HIS	46	5.86
1stn	A	GLU	52	3.93
1stn	A	GLU	57	3.49
1stn	A	GLU	67	3.76
1stn	A	GLU	73	3.31
1stn	A	GLU	75	3.26
1stn	A	HIS	8	6.52
1stn	A	ASP	95	2.16
1sty	A	HIS	121	5.3
1sty	A	HIS	124	5.73
1sty	A	HIS	46	5.86
1sty	A	HIS	8	6.52
1su9	A	CYS	76	8.2
1sux	A	CYS	15	9.3
1tew	A	ASP	119	3.35
1tew	A	HIS	121	5.25
1tew	A	ASP	18	2.68
1tew	A	GLU	35	6.06
1tew	A	HIS	41	5.56
1tew	A	ASP	52	3.78
1tew	A	GLU	7	2.68
1tew	A	ASP	87	2.13
1tgu	A	LYS	22	10.3
1tgu	A	LYS	236	10.3
1tgu	A	LYS	448	10.4
1tgu	A	LYS	456	10.6
1tgu	A	LYS	467	10.5
1tgu	A	LYS	476	10.2
1tgu	A	LYS	498	10.4
1the	A	HIS	110	6.9
1the	A	HIS	111	7.7
1the	A	HIS	199	8.6
1the	A	CYS	29	3.6
1tl4	A	CYS	12	8.5
1trs	A	GLU	103	4.5
1trs	A	GLU	13	4.4
1trs	A	ASP	16	4.2
1trs	A	ASP	20	3.8
1trs	A	ASP	26	8.1
1trs	A	GLU	47	4.3
1trs	A	GLU	56	3.2
1trs	A	ASP	58	2.7
1trs	A	GLU	6	4.9
1trs	A	ASP	60	3.9
1trs	A	ASP	61	5.2
1trs	A	ASP	64	3.2
1trs	A	GLU	68	5.1
1trs	A	GLU	70	4.8
1trs	A	GLU	88	3.6
1trs	A	GLU	95	4.1
1trs	A	GLU	98	3.9
1trw	A	GLU	103	4.4
1trw	A	GLU	13	4.4
1trw	A	ASP	16	4.0
1trw	A	ASP	20	3.8
1trw	A	ASP	26	9.9
1trw	A	GLU	47	4.1
1trw	A	GLU	56	3.1
1trw	A	ASP	58	2.8
1trw	A	GLU	6	4.8
1trw	A	ASP	60	4.2
1trw	A	ASP	61	5.3
1trw	A	ASP	64	3.2
1trw	A	GLU	68	4.9
1trw	A	GLU	70	4.6
1trw	A	GLU	88	3.7
1trw	A	GLU	95	4.1
1trw	A	GLU	98	3.9
1tt2	A	LYS	92	5.3
1u2u	A	GLU	1	4.1
1u2u	A	GLU	13	4.42
1u2u	A	GLU	15	4.09
1u2u	A	GLU	20	4.21
1u2u	A	GLU	22	4.83
1u2u	A	GLU	27	4.74
1u2u	A	HIS	28	6.79
1u2u	A	GLU	29	4.63
1u2u	A	GLU	6	4.9
1u2u	A	GLU	8	4.89
1u9r	A	GLU	66	8.5
1ubq	A	GLU	16	3.9
1ubq	A	GLU	18	4.3
1ubq	A	ASP	21	3.1
1ubq	A	GLU	24	4.3
1ubq	A	ASP	32	3.8
1ubq	A	GLU	34	4.5
1ubq	A	ASP	39	3.6
1ubq	A	GLU	51	3.8
1ubq	A	ASP	52	3.4
1ubq	A	ASP	58	3.6
1ubq	A	GLU	64	4.5
1ubq	A	CTE	76	3.3
1v57	A	CYS	109	3.5
1va3	A	CYS	599	8.3
1va3	A	GLU	601	4.3
1va3	A	CYS	602	8.2
1va3	A	HIS	611	6.2
1va3	A	HIS	615	6.1
1va3	A	HIS	619	6.2
1vii	A	ASP	44	3.1
1vii	A	GLU	45	4.0
1vii	A	ASP	46	3.5
1vii	A	GLU	72	4.4
1vii	A	CTE	76	2.91
1w4h	A	ASP	129	3.91
1w4h	A	GLU	141	4.49
1w4h	A	HIS	142	6.47
1w4h	A	ASP	145	3.71
1w4h	A	GLU	161	3.64
1w4h	A	ASP	162	3.27
1w4h	A	GLU	164	4.47
1w4h	A	HIS	166	5.39
1wla	A	HIS	113	5.87
1wla	A	HIS	116	6.79
1wla	A	HIS	119	6.56
1wla	A	HIS	36	7.8
1wla	A	HIS	48	5.62
1wla	A	HIS	81	6.94
1xnb	A	ASP	106	2.7
1xnb	A	ASP	11	2.5
1xnb	A	ASP	119	3.2
1xnb	A	ASP	121	3.6
1xnb	A	HIS	156	6.5
1xnb	A	GLU	172	6.7
1xnb	A	CTE	185	2.7
1xnb	A	ASP	4	3.0
1xnb	A	GLU	78	4.6
1xnb	A	ASP	83	2.0
1xoa	A	ASP	26	7.5
1xob	A	ASP	26	7.4
1xob	A	CYS	32	7.1
1xob	A	HIS	6	6.0
1xsn	A	LYS	248	10.27
1xsn	A	LYS	259	10.07
1xsn	A	LYS	265	10.23
1xsn	A	LYS	273	10.07
1xsn	A	LYS	281	10.01
1xsn	A	LYS	287	10.65
1xsn	A	LYS	291	10.26
1xsn	A	LYS	307	10.16
1xsn	A	LYS	312	9.58
1xsn	A	LYS	324	10.27
1ygw	A	GLU	102	5.3
1ygw	A	ASP	15	3.52
1ygw	A	HIS	27	7.57
1ygw	A	GLU	28	5.61
1ygw	A	ASP	29	4.26
1ygw	A	ASP	3	3.54
1ygw	A	GLU	31	5.36
1ygw	A	HIS	40	7.44
1ygw	A	GLU	46	3.62
1ygw	A	ASP	49	4.22
1ygw	A	GLU	58	3.96
1ygw	A	ASP	66	3.9
1ygw	A	GLU	82	3.27
1ygw	A	HIS	92	7.31
1ymb	A	HIS	113	5.51
1ymb	A	HIS	116	6.7
1ymb	A	HIS	119	6.37
1ymb	A	HIS	36	7.98
1ymb	A	HIS	48	5.61
1ymb	A	HIS	81	6.72
1yph	C	ASP	102	2.77
1yph	C	HIS	40	7.2
1yph	C	HIS	57	6.14
1ypi	A	HIS	103	7.29
1ypt	A	CYS	403	4.67
1yrf	A	ASP	44	3.04
1yrf	A	GLU	45	3.95
1yrf	A	ASP	46	3.44
1yrf	A	GLU	72	4.37
1z12	A	HIS	66	8.36
1z12	A	HIS	72	9.19
2bca	A	LYS	1	10.59
2bca	A	LYS	12	11.06
2bca	A	LYS	16	11.06
2bca	A	GLU	26	4.08
2bca	A	LYS	29	11.28
2bca	A	LYS	41	10.93
2bca	A	LYS	55	12.12
2bca	A	LYS	7	11.36
2bca	A	LYS	71	10.73
2bca	A	LYS	72	11.33
2bus	A	ASP	12	3.6
2bus	A	GLU	20	4.1
2bus	A	ASP	6	4.0
2bus	A	GLU	9	4.3
2ci2	I	GLU	23	3.2
2ci2	I	GLU	26	3.3
2ci2	I	GLU	33	4.2
2ci2	I	GLU	34	3.8
2ci2	I	ASP	42	3.3
2ci2	I	GLU	45	3.9
2ci2	I	GLU	60	3.5
2ci2	I	ASP	64	3.8
2ci2	I	ASP	71	2.8
2ci2	I	ASP	74	5.0
2cpl	A	HIS	126	6.34
2cpl	A	HIS	54	4.2
2cpl	A	HIS	70	5.84
2cpl	A	HIS	92	4.2
2duc	A	CYS	145	8.0
2duc	A	HIS	41	6.3
2fd3	A	CYS	32	6.34
2fwf	A	CYS	461	10.5
2gb1	A	GLU	15	4.4
2gb1	A	GLU	19	3.7
2gb1	A	ASP	22	2.9
2gb1	A	GLU	27	4.5
2gb1	A	LYS	28	10.9
2gb1	A	ASP	36	3.8
2gb1	A	ASP	40	4.0
2gb1	A	GLU	42	4.4
2gb1	A	ASP	46	3.6
2gb1	A	ASP	47	3.4
2gb1	A	GLU	56	4.0
2h19	A	CYS	74	8.48
2h1a	A	CYS	77	8.36
2h1b	A	CYS	77	7.4
2hba	A	GLU	17	3.69
2hba	A	ASP	23	3.06
2hba	A	GLU	38	4.04
2hba	A	GLU	48	4.21
2hba	A	ASP	8	2.94
2hbb	A	GLU	17	3.57
2hbb	A	ASP	23	3.05
2hbb	A	GLU	38	4.04
2hbb	A	GLU	48	4.21
2hbb	A	ASP	8	2.99
2hnp	A	CYS	215	5.57
2igd	A	GLU	20	4.3
2igd	A	ASP	27	2.9
2igd	A	GLU	29	4.2
2igd	A	GLU	32	4.6
2igd	A	ASP	41	3.9
2igd	A	ASP	45	4.4
2igd	A	ASP	51	3.6
2igd	A	ASP	52	3.4
2igd	A	GLU	61	4.2
2igh	A	GLU	20	4.3
2igh	A	LYS	24	10.7
2igh	A	ASP	27	2.9
2igh	A	GLU	29	4.2
2igh	A	GLU	32	4.6
2igh	A	ASP	41	3.9
2igh	A	ASP	45	4.4
2igh	A	ASP	51	3.6
2igh	A	ASP	52	3.4
2igh	A	GLU	61	4.2
2kix	A	HIS	19	6.5
2kix	A	HIS	27	7.6
2kt2	A	CYS	11	6.2
2kt2	A	CYS	14	9.0
2kt2	A	HIS	17	7.0
2l6c	A	HIS	33	4.6
2l6d	A	CYS	31	4.8
2l6d	A	HIS	33	7.2
2l6d	A	CYS	34	11.3
2l6x	A	ASP	97	6.43
2l8l	A	ASP	121	6.1
2l90	A	CYS	72	7.2
2lzm	A	HIS	31	9.1
2lzm	A	ASP	70	0.5
2lzt	A	LYS	1	10.9
2lzt	A	NTE	1	7.9
2lzt	A	ASP	101	4.09
2lzt	A	LYS	116	10.4
2lzt	A	ASP	119	3.2
2lzt	A	CTE	129	2.75
2lzt	A	LYS	13	10.6
2lzt	A	HIS	15	5.36
2lzt	A	ASP	18	2.66
2lzt	A	TYR	20	10.3
2lzt	A	TYR	23	9.8
2lzt	A	LYS	33	10.6
2lzt	A	GLU	35	6.2
2lzt	A	ASP	48	1.6
2lzt	A	ASP	52	3.68
2lzt	A	TYR	53	12.1
2lzt	A	ASP	66	0.9
2lzt	A	GLU	7	2.85
2lzt	A	ASP	87	2.07
2lzt	A	LYS	96	10.8
2lzt	A	LYS	97	10.3
2m5s	A	ASP	246	4.2
2m5s	A	HIS	305	9.1
2m5s	A	GLU	307	3.9
2m5s	A	ASP	316	3.0
2m5s	A	GLU	323	3.6
2m5s	A	ASP	336	4.3
2mb5	A	TYR	103	10.3
2mb5	A	HIS	113	5.4
2mb5	A	HIS	116	6.6
2mb5	A	HIS	119	6.1
2mb5	A	HIS	12	6.4
2mb5	A	TYR	151	10.5
2mb5	A	HIS	36	8.2
2mb5	A	HIS	48	5.5
2mb5	A	HIS	81	6.7
2mb5	A	HIS	97	5.6
2mi7	A	TYR	34	11.3
2o89	A	CYS	29	6.4
2oeo	A	ASP	92	8.1
2ovo	A	GLU	10	4.14
2ovo	A	TYR	11	10.16
2ovo	A	LYS	13	9.86
2ovo	A	GLU	19	3.21
2ovo	A	TYR	20	11.07
2ovo	A	ASP	27	2.3
2ovo	A	LYS	29	11.12
2ovo	A	TYR	31	12.5
2ovo	A	LYS	34	10.13
2ovo	A	GLU	43	4.81
2ovo	A	HIS	52	7.5
2ovo	A	LYS	55	11.1
2ovo	A	ASP	7	2.67
2oxp	A	ASP	66	8.7
2ppt	A	CYS	73	5.2
2pyo	A	GLU	1	4.03
2pyo	A	GLU	120	3.16
2pyo	A	GLU	2	3.1
2pyo	A	GLU	3	4.2
2pyo	A	GLU	4	2.1
2pyo	B	HIS	106	6.52
2pyo	B	HIS	46	5.64
2pyo	B	HIS	79	6.66
2qdb	A	HIS	121	4.03
2qdb	A	HIS	124	5.71
2qdb	A	HIS	46	6.49
2qdb	A	HIS	8	6.18
2qmt	A	GLU	15	4.4
2qmt	A	GLU	19	3.7
2qmt	A	ASP	22	2.9
2qmt	A	GLU	27	4.5
2qmt	A	LYS	28	10.9
2qmt	A	ASP	36	3.8
2qmt	A	ASP	40	4.0
2qmt	A	GLU	42	4.4
2qmt	A	ASP	46	3.6
2qmt	A	ASP	47	3.4
2qmt	A	GLU	56	4.0
2rbm	A	LYS	72	8.6
2rdf	A	HIS	121	4.24
2rdf	A	HIS	124	5.64
2rdf	A	HIS	46	6.42
2rdf	A	HIS	8	6.3
2rks	A	GLU	10	3.1
2rks	A	GLU	101	3.9
2rks	A	GLU	122	3.9
2rks	A	GLU	129	3.8
2rks	A	GLU	135	3.9
2rks	A	GLU	142	4.6
2rks	A	ASP	143	4.0
2rks	A	ASP	146	4.0
2rks	A	ASP	21	6.5
2rks	A	LYS	38	10.4
2rks	A	ASP	40	3.8
2rks	A	GLU	43	4.5
2rks	A	GLU	52	4.1
2rks	A	GLU	57	3.6
2rks	A	GLU	67	3.9
2rks	A	GLU	73	3.3
2rks	A	ASP	95	2.1
2rn2	A	ASP	10	6.1
2rn2	A	ASP	108	3.2
2rn2	A	HIS	114	5.0
2rn2	A	GLU	119	4.1
2rn2	A	HIS	124	7.1
2rn2	A	HIS	127	7.9
2rn2	A	GLU	129	3.6
2rn2	A	GLU	131	4.3
2rn2	A	ASP	134	4.3
2rn2	A	GLU	135	4.3
2rn2	A	GLU	147	4.2
2rn2	A	GLU	154	4.4
2rn2	A	GLU	32	3.6
2rn2	A	GLU	48	4.4
2rn2	A	GLU	57	3.2
2rn2	A	GLU	6	4.5
2rn2	A	GLU	61	3.9
2rn2	A	HIS	62	7.0
2rn2	A	GLU	64	4.4
2rn2	A	ASP	70	2.6
2rn2	A	HIS	83	5.5
2rn2	A	ASP	94	3.2
2rvq	C	GLU	56	4.3
2rvq	C	ASP	90	5.3
2rvq	C	GLU	92	4.4
2rvq	D	HIS	109	6.5
2rvq	D	HIS	49	5.9
2sni	I	GLU	23	3.2
2sni	I	GLU	26	3.3
2sni	I	GLU	33	4.2
2sni	I	GLU	34	3.8
2sni	I	ASP	42	3.3
2sni	I	GLU	45	3.9
2sni	I	GLU	60	3.5
2sni	I	ASP	64	3.8
2sni	I	ASP	71	2.8
2sni	I	ASP	74	5.0
2snm	A	LYS	66	6.4
2tga	A	ASP	102	1.4
2tga	A	ASP	194	2.3
2tga	A	HIS	40	4.57
2tga	A	HIS	57	7.33
2trx	A	NTE	1	7.4
2trx	A	ASP	20	3.8
2trx	A	ASP	26	7.5
2trx	A	CYS	32	7.1
2trx	A	CYS	35	9.9
2trx	A	HIS	6	6.2
2udp	A	TYR	149	6.08
2v8n	A	GLU	325	10.5
2xv0	A	HIS	115	5.2
2xv2	A	HIS	115	5.2
2zta	A	NTE	1	7.88
2zta	A	GLU	10	3.94
2zta	A	GLU	11	4.05
2zta	A	LYS	15	10.62
2zta	A	TYR	17	9.82
2zta	A	HIS	18	6.24
2zta	A	GLU	20	4.38
2zta	A	GLU	22	4.2
2zta	A	LYS	27	11.1
2zta	A	LYS	28	10.64
2zta	A	LYS	3	10.78
2zta	A	CTE	31	4.03
2zta	A	GLU	6	4.6
2zta	A	ASP	7	3.48
2zta	A	LYS	8	11.26
3bdc	A	GLU	10	2.8
3bdc	A	GLU	101	3.8
3bdc	A	GLU	122	3.9
3bdc	A	GLU	129	3.8
3bdc	A	GLU	135	3.8
3bdc	A	GLU	142	4.49
3bdc	A	ASP	143	3.8
3bdc	A	ASP	146	3.86
3bdc	A	ASP	19	2.2
3bdc	A	ASP	21	6.5
3bdc	A	ASP	40	3.9
3bdc	A	GLU	43	4.36
3bdc	A	GLU	52	4.0
3bdc	A	GLU	57	3.5
3bdc	A	GLU	67	3.8
3bdc	A	GLU	73	3.3
3bdc	A	GLU	75	3.3
3bdc	A	ASP	95	2.2
3bh2	A	LYS	115	5.96
3c1e	A	LYS	125	6.2
3c1f	A	LYS	104	7.7
3c71	A	CYS	74	6.3
3c71	A	CYS	77	5.7
3c73	A	CYS	74	7.4
3c73	A	CYS	77	7.5
3cyf	A	CYS	106	6.1
3cz9	A	CYS	106	6.4
3d4d	A	GLU	91	7.1
3d6c	A	GLU	10	3.1
3d6c	A	GLU	101	3.9
3d6c	A	HIS	121	5.7
3d6c	A	GLU	122	3.9
3d6c	A	GLU	129	3.8
3d6c	A	GLU	135	3.8
3d6c	A	GLU	142	4.5
3d6c	A	ASP	143	3.8
3d6c	A	ASP	146	3.9
3d6c	A	ASP	21	6.6
3d6c	A	ASP	40	3.9
3d6c	A	GLU	43	4.4
3d6c	A	GLU	52	4.0
3d6c	A	GLU	57	3.6
3d6c	A	GLU	67	3.8
3d6c	A	GLU	73	3.4
3d6c	A	GLU	75	3.3
3d6c	A	HIS	8	6.5
3d6c	A	ASP	95	2.3
3dmu	A	LYS	62	8.1
3e5s	A	LYS	103	8.2
3ebx	A	HIS	26	5.8
3ebx	A	HIS	6	2.8
3egf	A	ASP	11	3.9
3egf	A	HIS	22	6.8
3egf	A	GLU	24	4.1
3egf	A	ASP	27	4.0
3egf	A	ASP	40	3.6
3egf	A	ASP	46	3.8
3eji	A	LYS	36	7.2
3ero	A	GLU	72	7.3
3erq	A	LYS	25	6.3
3erw	A	CYS	65	5.5
3erw	A	CYS	68	7.8
3evq	A	GLU	25	7.5
3ezg	A	CYS	106	5.7
3f71	A	CYS	106	6.1
3ft7	B	CTE	0	3.23
3ft7	B	NTE	1	7.76
3ft7	B	LYS	12	10.83
3ft7	B	TYR	16	9.67
3ft7	B	GLU	20	4.12
3ft7	B	HIS	22	4.79
3ft7	B	ASP	23	2.45
3ft7	B	GLU	27	3.52
3ft7	B	LYS	30	11.18
3ft7	B	GLU	31	3.91
3ft7	B	LYS	32	10.43
3ft7	B	ASP	38	2.92
3ft7	B	LYS	45	11.84
3ft7	B	GLU	46	2.97
3ft7	B	ASP	49	2.62
3ft7	B	TYR	5	9.66
3ft7	B	HIS	51	6.94
3ft7	B	ASP	52	2.88
3ft7	B	LYS	53	10.38
3ft7	B	LYS	55	11.77
3ft7	B	CTE	55	3.23
3ft7	B	LYS	56	11.44
3ft7	B	LYS	6	10.78
3fx5	A	ASP	29	3.19
3fx5	A	ASP	30	3.88
3fx5	A	ASP	60	2.99
3fx5	B	ASP	129	3.65
3fx5	B	ASP	130	3.78
3fx5	B	ASP	160	2.99
3fz9	A	CYS	29	2.84
3fz9	A	CYS	87	5.63
3gb1	A	GLU	15	4.4
3gb1	A	GLU	19	3.7
3gb1	A	ASP	22	2.9
3gb1	A	GLU	27	4.5
3gb1	A	LYS	28	10.9
3gb1	A	ASP	36	3.8
3gb1	A	ASP	40	4.0
3gb1	A	GLU	42	4.4
3gb1	A	ASP	46	3.6
3gb1	A	ASP	47	3.4
3gb1	A	GLU	56	4.0
3gdk	A	LYS	93	7.7
3h6m	A	GLU	104	9.4
3hzx	A	LYS	66	5.6
3icb	A	LYS	1	10.61
3icb	A	GLU	11	4.74
3icb	A	LYS	12	11.06
3icb	A	LYS	16	10.06
3icb	A	GLU	17	3.62
3icb	A	LYS	25	11.72
3icb	A	GLU	26	4.08
3icb	A	LYS	29	11.05
3icb	A	GLU	4	3.77
3icb	A	LYS	41	10.95
3icb	A	ASP	47	3.04
3icb	A	GLU	48	4.62
3icb	A	GLU	5	3.4
3icb	A	LYS	55	11.43
3icb	A	GLU	64	3.84
3icb	A	LYS	7	11.39
3icb	A	LYS	71	10.73
3icb	A	LYS	72	11.01
3icb	A	CTE	75	3.2
3itp	A	LYS	34	7.1
3kmf	A	HIS	20	7.23
3kmf	A	HIS	50	7.25
3kmf	A	HIS	89	6.88
3mkh	A	ASP	399	5.9
3nbs	A	HIS	18	2.5
3nbs	A	HIS	26	2.9
3nbs	A	HIS	33	6.4
3o79	A	HIS	187	5.1
3p75	A	ASP	104	9.7
3qoj	A	LYS	23	7.3
3qol	A	GLU	23	7.1
3rn3	A	NTE	1	7.6
3rn3	A	HIS	105	6.7
3rn3	A	GLU	111	3.5
3rn3	A	HIS	119	6.1
3rn3	A	HIS	12	6.2
3rn3	A	ASP	121	3.1
3rn3	A	CTE	124	2.4
3rn3	A	ASP	14	1.8
3rn3	A	GLU	2	2.8
3rn3	A	ASP	38	3.5
3rn3	A	HIS	48	6.0
3rn3	A	GLU	49	4.7
3rn3	A	ASP	53	3.9
3rn3	A	ASP	83	3.5
3rn3	A	GLU	86	4.1
3rn3	A	GLU	9	4.0
3ruz	A	LYS	74	7.4
3sk5	A	ASP	39	8.1
3soa	A	CYS	289	9.2
3srn	A	HIS	105	6.82
3srn	A	HIS	12	6.03
3srn	B	HIS	119	6.33
3ssi	A	HIS	106	6.0
3ssi	A	HIS	43	3.25
3tp7	A	GLU	99	8.4
3tp8	A	GLU	36	8.7
3trx	A	NTE	1	7.3
3vjo	A	CYS	797	5.5
3vzj	A	HIS	172	5.2
3vzj	A	GLU	78	3.4
3vzk	A	GLU	172	8.0
3vzk	A	GLU	35	3.4
3vzk	A	GLU	78	5.3
3vzl	A	GLU	172	3.4
3vzl	A	HIS	35	7.5
3vzl	A	GLU	78	5.5
3wu2	A	GLU	114	3.81
3wu2	A	ASP	141	4.89
3wu2	A	GLU	145	4.52
3wu2	A	ASP	205	3.45
3wu2	A	GLU	210	2.66
3wu2	A	GLU	216	3.91
3wu2	A	GLU	218	5.13
3wu2	A	ASP	23	3.41
3wu2	A	GLU	232	4.2
3wu2	A	ASP	24	3.06
3wu2	A	GLU	244	4.97
3wu2	A	ASP	33	3.47
3wu2	A	GLU	54	4.47
3wu2	A	GLU	64	4.17
3wu2	A	GLU	74	3.37
3wu2	A	GLU	84	4.64
3wu2	A	ASP	90	1.56
3wu2	A	GLU	98	4.99
3wu2	O	GLU	114	3.81
3wu2	O	ASP	141	4.89
3wu2	O	GLU	145	4.52
3wu2	O	ASP	205	3.45
3wu2	O	GLU	210	2.66
3wu2	O	GLU	216	3.91
3wu2	O	GLU	218	5.13
3wu2	O	ASP	23	3.41
3wu2	O	GLU	232	4.2
3wu2	O	ASP	24	3.06
3wu2	O	GLU	244	4.97
3wu2	O	ASP	33	3.47
3wu2	O	GLU	54	4.47
3wu2	O	GLU	64	4.17
3wu2	O	GLU	74	3.37
3wu2	O	GLU	84	4.64
3wu2	O	ASP	90	1.56
3wu2	O	GLU	98	4.99
4bya	A	HIS	34	5.92
4bya	A	HIS	71	6.79
4eqo	A	ASP	99	8.5
4eqp	A	ASP	72	7.6
4ge0	A	CYS	111	5.54
4ge3	A	CYS	111	5.23
4hhb	A	NTE	1	7.83
4hhb	A	HIS	112	8.1
4hhb	A	HIS	20	7.6
4hhb	A	HIS	50	7.2
4hhb	A	HIS	72	7.3
4hhb	A	HIS	89	7.2
4hhb	B	NTE	1	6.91
4hhb	B	HIS	143	5.6
4hhb	B	HIS	146	8.1
4hhb	B	HIS	2	6.7
4hhb	B	HIS	77	7.8
4hmi	A	LYS	99	6.5
4hmj	A	ASP	36	7.9
4icb	A	LYS	1	10.59
4icb	A	GLU	11	4.74
4icb	A	LYS	12	11.06
4icb	A	LYS	16	10.06
4icb	A	GLU	17	3.62
4icb	A	LYS	25	11.81
4icb	A	GLU	26	4.08
4icb	A	LYS	29	11.28
4icb	A	GLU	4	3.77
4icb	A	LYS	41	10.93
4icb	A	ASP	47	3.04
4icb	A	GLU	48	4.62
4icb	A	GLU	5	3.4
4icb	A	LYS	55	12.12
4icb	A	GLU	64	3.84
4icb	A	LYS	7	11.36
4icb	A	LYS	71	10.72
4icb	A	LYS	72	11.33
4icb	A	CTE	75	3.2
4ky5	A	ASP	23	6.8
4ky6	A	ASP	25	6.8
4ky7	A	ASP	74	8.3
4lds	A	ASP	22	8.5
4lzt	A	NTE	0	7.9
4lzt	A	LYS	1	10.9
4lzt	A	ASP	101	4.09
4lzt	A	LYS	116	10.4
4lzt	A	ASP	119	3.2
4lzt	A	CTE	129	2.75
4lzt	A	LYS	13	10.6
4lzt	A	HIS	15	5.36
4lzt	A	ASP	18	2.66
4lzt	A	TYR	20	10.6
4lzt	A	TYR	23	10.2
4lzt	A	LYS	33	10.6
4lzt	A	GLU	35	6.2
4lzt	A	ASP	48	1.6
4lzt	A	ASP	52	3.68
4lzt	A	TYR	53	11.7
4lzt	A	ASP	66	0.9
4lzt	A	GLU	7	2.85
4lzt	A	ASP	87	2.07
4lzt	A	LYS	96	10.8
4lzt	A	LYS	97	10.3
4ma9	A	CYS	46	5.94
4mbn	A	HIS	113	5.51
4mbn	A	HIS	116	6.66
4mbn	A	HIS	119	6.38
4mbn	A	HIS	12	6.49
4mbn	A	HIS	36	7.83
4mbn	A	HIS	48	5.57
4mbn	A	HIS	81	6.89
4myd	A	HIS	232	8.0
4pti	A	NTE	1	8.1
4pti	A	TYR	10	10.4
4pti	A	LYS	15	10.6
4pti	A	TYR	21	11.0
4pti	A	TYR	23	11.7
4pti	A	LYS	26	10.6
4pti	A	ASP	3	3.0
4pti	A	TYR	35	11.1
4pti	A	LYS	41	10.8
4pti	A	LYS	46	10.6
4pti	A	GLU	49	3.8
4pti	A	ASP	50	3.4
4pti	A	CTE	58	2.9
4pti	A	GLU	7	3.7
4qyt	A	CYS	111	4.6
4xll	A	CYS	104	5.0
4yij	A	GLU	109	7.9
5b6m	A	CYS	47	4.6
5cce	A	GLU	12	5.6
5deh	A	ASP	100	6.9
5dfr	A	HIS	114	6.8
5dfr	A	HIS	124	7.6
5dfr	A	HIS	141	8.0
5dfr	A	HIS	149	6.5
5dfr	A	HIS	45	7.0
5e1f	A	GLU	20	4.5
5e3f	A	LYS	92	5.3
5egt	A	GLU	66	8.5
5g39	A	ASP	23	3.4
5g39	A	ASP	24	3.1
5g39	A	GLU	54	4.5
5h3m	A	GLU	11	4.1
5h3m	A	HIS	124	6.2
5h3m	A	GLU	129	3.8
5h3m	A	HIS	2	5.9
5h3m	A	ASP	23	4.8
5h3m	A	ASP	34	4.5
5h3m	A	ASP	39	3.9
5h3m	A	HIS	59	4.2
5h3m	A	GLU	65	4.3
5h3m	A	ASP	82	5.5
5h3m	A	ASP	83	4.3
5h3m	A	HIS	92	4.3
5i6w	A	ASP	58	6.8
5i6y	A	GLU	90	6.4
5iif	A	ASP	62	8.7
5isr	A	GLU	10	3.1
5isr	A	GLU	101	3.9
5isr	A	GLU	122	3.8
5isr	A	GLU	129	3.9
5isr	A	GLU	135	3.8
5isr	A	ASP	21	6.6
5isr	A	GLU	38	7.0
5isr	A	ASP	40	3.9
5isr	A	GLU	43	4.4
5isr	A	GLU	52	4.0
5isr	A	GLU	57	3.6
5isr	A	GLU	67	3.8
5isr	A	GLU	73	3.4
5isr	A	GLU	75	3.3
5isr	A	ASP	95	2.3
5j1z	A	ASP	90	7.5
5j22	A	ASP	103	8.7
5jav	A	ASP	91	7.2
5kgu	A	ASP	118	7.0
5kix	A	GLU	92	9.0
5x79	A	CYS	102	12.7
5x79	A	CYS	15	10.2
5x79	A	CYS	170	9.1
5x79	A	CYS	48	3.7
6ayw	A	CYS	273	7.4
6ayw	A	CYS	290	9.7
6eeg	A	GLU	62	7.7
6gst	A	HIS	167	7.77
6gst	A	HIS	83	5.18
6gst	A	HIS	84	7.08
6k5w	A	HIS	18	6.8
6lyz	A	HIS	15	5.5
6mz1	A	LYS	73	5.4
6q46	A	CYS	36	6.6
6q46	A	CYS	39	9.5
6tim	A	CYS	14	10.5
7b03	A	ASP	98	7.7
7m2z	A	ASP	10	4.26
7m2z	A	ASP	14	4.12
7m2z	A	ASP	15	4.15
7m2z	A	GLU	21	4.68
7m2z	A	GLU	23	4.67
7m2z	A	GLU	24	4.64
7m2z	A	ASP	25	4.25
7m2z	A	ASP	27	4.09
7m2z	A	ASP	29	3.97
7m2z	A	GLU	3	4.32
7m2z	A	ASP	31	3.9
7m2z	A	HIS	32	7.16
7m2z	A	ASP	5	3.9
7m2z	A	ASP	9	4.13
7m2z	B	GLU	441	4.32
7m2z	B	ASP	443	3.9
7m2z	B	ASP	447	4.13
7m2z	B	ASP	448	4.26
7m2z	B	ASP	452	4.12
7m2z	B	ASP	453	4.15
7m2z	B	GLU	459	4.68
7m2z	B	GLU	461	4.67
7m2z	B	GLU	462	4.64
7m2z	B	ASP	463	4.25
7m2z	B	ASP	465	4.09
7m2z	B	ASP	467	3.97
7m2z	B	ASP	469	3.9
7m2z	B	HIS	470	7.16
7rsa	A	NTE	1	7.6
7rsa	A	HIS	105	6.5
7rsa	A	GLU	111	3.5
7rsa	A	HIS	119	6.5
7rsa	A	HIS	12	6.0
7rsa	A	ASP	121	3.0
7rsa	A	CTE	124	2.4
7rsa	A	GLU	2	2.7
7rsa	A	ASP	38	2.1
7rsa	A	HIS	48	6.0
7rsa	A	GLU	49	4.3
7rsa	A	ASP	53	3.7
7rsa	A	ASP	83	3.3
7rsa	A	GLU	86	4.0
7rsa	A	GLU	9	4.0
7xjd	A	ASP	96	7.1
8i41	A	GLU	181	5.5
8i41	A	GLU	35	5.8
8uoz	B	GLU	25	4.4
9rat	A	HIS	105	6.5
9rat	A	GLU	111	3.5
9rat	A	HIS	119	6.5
9rat	A	HIS	12	6.0
9rat	A	ASP	121	3.0
9rat	A	GLU	2	2.7
9rat	A	ASP	38	2.1
9rat	A	GLU	49	4.3
9rat	A	ASP	53	3.7
9rat	A	ASP	83	3.3
9rat	A	GLU	86	4.0
9rat	A	GLU	9	4.0
9rnt	A	NTE	1	8.1
9rnt	A	GLU	102	5.3
9rnt	A	ASP	15	3.52
9rnt	A	HIS	27	7.57
9rnt	A	GLU	28	5.61
9rnt	A	ASP	29	4.26
9rnt	A	ASP	3	3.54
9rnt	A	GLU	31	5.36
9rnt	A	HIS	40	7.44
9rnt	A	GLU	46	3.62
9rnt	A	ASP	49	4.22
9rnt	A	GLU	58	3.96
9rnt	A	ASP	66	3.9
9rnt	A	ASP	76	0.5
9rnt	A	GLU	82	3.27
9rnt	A	HIS	92	7.31
k64g	A	LYS	66	7.1
