pdb_id	structure_type	pdb_path	datasets	n_experimental_pkas	uniprot_id
135l	crystal	/net/work/jones/Karlsberg3/benchmarking/pkad_benchmark/pkad_data/pdbs/heavy_atom/135l.pdb	PKAD2,PKAD3,PKAD-R	6	
1a2j	crystal	/net/work/jones/Karlsberg3/benchmarking/pkad_benchmark/pkad_data/pdbs/heavy_atom/1a2j.pdb	PKAD3	1	
1a2l	crystal	/net/work/jones/Karlsberg3/benchmarking/pkad_benchmark/pkad_data/pdbs/heavy_atom/1a2l.pdb	PKAD3	1	
1a2m	crystal	/net/work/jones/Karlsberg3/benchmarking/pkad_benchmark/pkad_data/pdbs/heavy_atom/1a2m.pdb	PKAD3	1	
1a2p	crystal	/net/work/jones/Karlsberg3/benchmarking/pkad_benchmark/pkad_data/pdbs/heavy_atom/1a2p.pdb	PKAD2,PKAD3,PKAD-R	28	
1a42	crystal	/net/work/jones/Karlsberg3/benchmarking/pkad_benchmark/pkad_data/pdbs/heavy_atom/1a42.pdb	PKAD3	2	
1a6k	crystal	/net/work/jones/Karlsberg3/benchmarking/pkad_benchmark/pkad_data/pdbs/heavy_atom/1a6k.pdb	PKAD2,PKAD3,PKAD-R	10	
1a6m	crystal	/net/work/jones/Karlsberg3/benchmarking/pkad_benchmark/pkad_data/pdbs/heavy_atom/1a6m.pdb	PKAD2,PKAD3	9	
1a91	crystal	/net/work/jones/Karlsberg3/benchmarking/pkad_benchmark/pkad_data/pdbs/heavy_atom/1a91.pdb	PKAD2,PKAD3,PKAD-R	5	
1a93	crystal	/net/work/jones/Karlsberg3/benchmarking/pkad_benchmark/pkad_data/pdbs/heavy_atom/1a93.pdb	PKAD2,PKAD3,PKAD-R	1	
1ac1	crystal	/net/work/jones/Karlsberg3/benchmarking/pkad_benchmark/pkad_data/pdbs/heavy_atom/1ac1.pdb	PKAD3,PKAD-R	1	
1acv	crystal	/net/work/jones/Karlsberg3/benchmarking/pkad_benchmark/pkad_data/pdbs/heavy_atom/1acv.pdb	PKAD3	1	
1ans	crystal	/net/work/jones/Karlsberg3/benchmarking/pkad_benchmark/pkad_data/pdbs/heavy_atom/1ans.pdb	PKAD2,PKAD3,PKAD-R	4	
1ao6	crystal	/net/work/jones/Karlsberg3/benchmarking/pkad_benchmark/pkad_data/pdbs/heavy_atom/1ao6.pdb	PKAD2,PKAD3,PKAD-R	1	
1ars	crystal	/net/work/jones/Karlsberg3/benchmarking/pkad_benchmark/pkad_data/pdbs/heavy_atom/1ars.pdb	PKAD3	1	
1axt	crystal	/net/work/jones/Karlsberg3/benchmarking/pkad_benchmark/pkad_data/pdbs/heavy_atom/1axt.pdb	PKAD3	1	
1azp	crystal	/net/work/jones/Karlsberg3/benchmarking/pkad_benchmark/pkad_data/pdbs/heavy_atom/1azp.pdb	PKAD2,PKAD3,PKAD-R	12	
1b10	crystal	/net/work/jones/Karlsberg3/benchmarking/pkad_benchmark/pkad_data/pdbs/heavy_atom/1b10.pdb	PKAD3	1	
1b2v	crystal	/net/work/jones/Karlsberg3/benchmarking/pkad_benchmark/pkad_data/pdbs/heavy_atom/1b2v.pdb	PKAD2,PKAD3,PKAD-R	4	
1b2x	crystal	/net/work/jones/Karlsberg3/benchmarking/pkad_benchmark/pkad_data/pdbs/heavy_atom/1b2x.pdb	PKAD2,PKAD3	11	
1bcx	crystal	/net/work/jones/Karlsberg3/benchmarking/pkad_benchmark/pkad_data/pdbs/heavy_atom/1bcx.pdb	PKAD2,PKAD3	7	
1bed	crystal	/net/work/jones/Karlsberg3/benchmarking/pkad_benchmark/pkad_data/pdbs/heavy_atom/1bed.pdb	PKAD-R	1	
1beg	crystal	/net/work/jones/Karlsberg3/benchmarking/pkad_benchmark/pkad_data/pdbs/heavy_atom/1beg.pdb	PKAD2,PKAD3	8	
1beo	crystal	/net/work/jones/Karlsberg3/benchmarking/pkad_benchmark/pkad_data/pdbs/heavy_atom/1beo.pdb	PKAD2,PKAD3,PKAD-R	9	
1bf4	crystal	/net/work/jones/Karlsberg3/benchmarking/pkad_benchmark/pkad_data/pdbs/heavy_atom/1bf4.pdb	PKAD2,PKAD3	10	
1bg8	crystal	/net/work/jones/Karlsberg3/benchmarking/pkad_benchmark/pkad_data/pdbs/heavy_atom/1bg8.pdb	PKAD3	12	
1bhc	crystal	/net/work/jones/Karlsberg3/benchmarking/pkad_benchmark/pkad_data/pdbs/heavy_atom/1bhc.pdb	PKAD2,PKAD3	8	
1bi6	crystal	/net/work/jones/Karlsberg3/benchmarking/pkad_benchmark/pkad_data/pdbs/heavy_atom/1bi6.pdb	PKAD2,PKAD3,PKAD-R	8	
1bmf	crystal	/net/work/jones/Karlsberg3/benchmarking/pkad_benchmark/pkad_data/pdbs/heavy_atom/1bmf.pdb	PKAD3	2	
1bni	crystal	/net/work/jones/Karlsberg3/benchmarking/pkad_benchmark/pkad_data/pdbs/heavy_atom/1bni.pdb	PKAD2,PKAD3	22	
1bnj	crystal	/net/work/jones/Karlsberg3/benchmarking/pkad_benchmark/pkad_data/pdbs/heavy_atom/1bnj.pdb	PKAD2,PKAD3	11	
1bnr	crystal	/net/work/jones/Karlsberg3/benchmarking/pkad_benchmark/pkad_data/pdbs/heavy_atom/1bnr.pdb	PKAD2,PKAD3	11	
1bnz	crystal	/net/work/jones/Karlsberg3/benchmarking/pkad_benchmark/pkad_data/pdbs/heavy_atom/1bnz.pdb	PKAD2,PKAD3,PKAD-R	11	
1bpi	crystal	/net/work/jones/Karlsberg3/benchmarking/pkad_benchmark/pkad_data/pdbs/heavy_atom/1bpi.pdb	PKAD2,PKAD3,PKAD-R	14	
1bus	crystal	/net/work/jones/Karlsberg3/benchmarking/pkad_benchmark/pkad_data/pdbs/heavy_atom/1bus.pdb	PKAD2,PKAD3	4	
1bvc	crystal	/net/work/jones/Karlsberg3/benchmarking/pkad_benchmark/pkad_data/pdbs/heavy_atom/1bvc.pdb	PKAD-R	4	
1bvi	crystal	/net/work/jones/Karlsberg3/benchmarking/pkad_benchmark/pkad_data/pdbs/heavy_atom/1bvi.pdb	PKAD2,PKAD3	15	
1c8c	crystal	/net/work/jones/Karlsberg3/benchmarking/pkad_benchmark/pkad_data/pdbs/heavy_atom/1c8c.pdb	PKAD2,PKAD3	10	
1ca5	crystal	/net/work/jones/Karlsberg3/benchmarking/pkad_benchmark/pkad_data/pdbs/heavy_atom/1ca5.pdb	PKAD2,PKAD3	12	
1cdc	crystal	/net/work/jones/Karlsberg3/benchmarking/pkad_benchmark/pkad_data/pdbs/heavy_atom/1cdc.pdb	PKAD2,PKAD3,PKAD-R	14	
1cvo	crystal	/net/work/jones/Karlsberg3/benchmarking/pkad_benchmark/pkad_data/pdbs/heavy_atom/1cvo.pdb	PKAD2,PKAD3	3	
1cx6	crystal	/net/work/jones/Karlsberg3/benchmarking/pkad_benchmark/pkad_data/pdbs/heavy_atom/1cx6.pdb	PKAD3	11	
1d0d	crystal	/net/work/jones/Karlsberg3/benchmarking/pkad_benchmark/pkad_data/pdbs/heavy_atom/1d0d.pdb	PKAD2,PKAD3	10	
1de3	crystal	/net/work/jones/Karlsberg3/benchmarking/pkad_benchmark/pkad_data/pdbs/heavy_atom/1de3.pdb	PKAD2,PKAD3,PKAD-R	20	
1dg9	crystal	/net/work/jones/Karlsberg3/benchmarking/pkad_benchmark/pkad_data/pdbs/heavy_atom/1dg9.pdb	PKAD2,PKAD3,PKAD-R	2	
1div	crystal	/net/work/jones/Karlsberg3/benchmarking/pkad_benchmark/pkad_data/pdbs/heavy_atom/1div.pdb	PKAD2,PKAD3,PKAD-R	6	
1dsb	crystal	/net/work/jones/Karlsberg3/benchmarking/pkad_benchmark/pkad_data/pdbs/heavy_atom/1dsb.pdb	PKAD2,PKAD3,PKAD-R	1	
1dui	crystal	/net/work/jones/Karlsberg3/benchmarking/pkad_benchmark/pkad_data/pdbs/heavy_atom/1dui.pdb	PKAD3	1	
1duk	crystal	/net/work/jones/Karlsberg3/benchmarking/pkad_benchmark/pkad_data/pdbs/heavy_atom/1duk.pdb	PKAD2,PKAD3	5	
1dwr	crystal	/net/work/jones/Karlsberg3/benchmarking/pkad_benchmark/pkad_data/pdbs/heavy_atom/1dwr.pdb	PKAD2,PKAD3	6	
1eej	crystal	/net/work/jones/Karlsberg3/benchmarking/pkad_benchmark/pkad_data/pdbs/heavy_atom/1eej.pdb	PKAD-R	1	
1egf	crystal	/net/work/jones/Karlsberg3/benchmarking/pkad_benchmark/pkad_data/pdbs/heavy_atom/1egf.pdb	PKAD2,PKAD3,PKAD-R	8	
1ego	crystal	/net/work/jones/Karlsberg3/benchmarking/pkad_benchmark/pkad_data/pdbs/heavy_atom/1ego.pdb	PKAD2,PKAD-R	0	
1eh6	crystal	/net/work/jones/Karlsberg3/benchmarking/pkad_benchmark/pkad_data/pdbs/heavy_atom/1eh6.pdb	PKAD2,PKAD3,PKAD-R	1	
1epg	crystal	/net/work/jones/Karlsberg3/benchmarking/pkad_benchmark/pkad_data/pdbs/heavy_atom/1epg.pdb	PKAD2,PKAD3	5	
1eph	crystal	/net/work/jones/Karlsberg3/benchmarking/pkad_benchmark/pkad_data/pdbs/heavy_atom/1eph.pdb	PKAD2,PKAD3	9	
1epi	crystal	/net/work/jones/Karlsberg3/benchmarking/pkad_benchmark/pkad_data/pdbs/heavy_atom/1epi.pdb	PKAD2,PKAD3	8	
1era	crystal	/net/work/jones/Karlsberg3/benchmarking/pkad_benchmark/pkad_data/pdbs/heavy_atom/1era.pdb	PKAD2,PKAD3	1	
1ert	crystal	/net/work/jones/Karlsberg3/benchmarking/pkad_benchmark/pkad_data/pdbs/heavy_atom/1ert.pdb	PKAD2,PKAD3,PKAD-R	21	
1eru	crystal	/net/work/jones/Karlsberg3/benchmarking/pkad_benchmark/pkad_data/pdbs/heavy_atom/1eru.pdb	PKAD2,PKAD3,PKAD-R	17	
1ex3	crystal	/net/work/jones/Karlsberg3/benchmarking/pkad_benchmark/pkad_data/pdbs/heavy_atom/1ex3.pdb	PKAD2,PKAD3,PKAD-R	2	
1ey0	crystal	/net/work/jones/Karlsberg3/benchmarking/pkad_benchmark/pkad_data/pdbs/heavy_atom/1ey0.pdb	PKAD2,PKAD3	4	
1ey7	crystal	/net/work/jones/Karlsberg3/benchmarking/pkad_benchmark/pkad_data/pdbs/heavy_atom/1ey7.pdb	PKAD-R	4	
1fez	crystal	/net/work/jones/Karlsberg3/benchmarking/pkad_benchmark/pkad_data/pdbs/heavy_atom/1fez.pdb	PKAD2,PKAD3,PKAD-R	1	
1fks	crystal	/net/work/jones/Karlsberg3/benchmarking/pkad_benchmark/pkad_data/pdbs/heavy_atom/1fks.pdb	PKAD2,PKAD3,PKAD-R	2	
1fmh	crystal	/net/work/jones/Karlsberg3/benchmarking/pkad_benchmark/pkad_data/pdbs/heavy_atom/1fmh.pdb	PKAD2,PKAD3,PKAD-R	10	
1fna	crystal	/net/work/jones/Karlsberg3/benchmarking/pkad_benchmark/pkad_data/pdbs/heavy_atom/1fna.pdb	PKAD2,PKAD3,PKAD-R	4	
1fov	crystal	/net/work/jones/Karlsberg3/benchmarking/pkad_benchmark/pkad_data/pdbs/heavy_atom/1fov.pdb	PKAD3,PKAD-R	1	
1fvj	crystal	/net/work/jones/Karlsberg3/benchmarking/pkad_benchmark/pkad_data/pdbs/heavy_atom/1fvj.pdb	PKAD-R	1	
1fw7	crystal	/net/work/jones/Karlsberg3/benchmarking/pkad_benchmark/pkad_data/pdbs/heavy_atom/1fw7.pdb	PKAD2,PKAD3	11	
1gb1	crystal	/net/work/jones/Karlsberg3/benchmarking/pkad_benchmark/pkad_data/pdbs/heavy_atom/1gb1.pdb	PKAD2,PKAD3	13	
1gbg	crystal	/net/work/jones/Karlsberg3/benchmarking/pkad_benchmark/pkad_data/pdbs/heavy_atom/1gbg.pdb	PKAD3	1	
1gns	crystal	/net/work/jones/Karlsberg3/benchmarking/pkad_benchmark/pkad_data/pdbs/heavy_atom/1gns.pdb	PKAD3	1	
1goa	crystal	/net/work/jones/Karlsberg3/benchmarking/pkad_benchmark/pkad_data/pdbs/heavy_atom/1goa.pdb	PKAD2,PKAD3	21	
1gs9	crystal	/net/work/jones/Karlsberg3/benchmarking/pkad_benchmark/pkad_data/pdbs/heavy_atom/1gs9.pdb	PKAD2,PKAD3,PKAD-R	8	
1gu8	crystal	/net/work/jones/Karlsberg3/benchmarking/pkad_benchmark/pkad_data/pdbs/heavy_atom/1gu8.pdb	PKAD3	1	
1gym	crystal	/net/work/jones/Karlsberg3/benchmarking/pkad_benchmark/pkad_data/pdbs/heavy_atom/1gym.pdb	PKAD2,PKAD3,PKAD-R	4	
1gzw	crystal	/net/work/jones/Karlsberg3/benchmarking/pkad_benchmark/pkad_data/pdbs/heavy_atom/1gzw.pdb	PKAD3	2	
1h4g	crystal	/net/work/jones/Karlsberg3/benchmarking/pkad_benchmark/pkad_data/pdbs/heavy_atom/1h4g.pdb	PKAD2,PKAD3	30	
1hho	crystal	/net/work/jones/Karlsberg3/benchmarking/pkad_benchmark/pkad_data/pdbs/heavy_atom/1hho.pdb	PKAD2,PKAD3,PKAD-R	10	
1hic	crystal	/net/work/jones/Karlsberg3/benchmarking/pkad_benchmark/pkad_data/pdbs/heavy_atom/1hic.pdb	PKAD2,PKAD3,PKAD-R	6	
1hng	crystal	/net/work/jones/Karlsberg3/benchmarking/pkad_benchmark/pkad_data/pdbs/heavy_atom/1hng.pdb	PKAD2,PKAD3	14	
1hpx	crystal	/net/work/jones/Karlsberg3/benchmarking/pkad_benchmark/pkad_data/pdbs/heavy_atom/1hpx.pdb	PKAD2,PKAD3	3	
1hrc	crystal	/net/work/jones/Karlsberg3/benchmarking/pkad_benchmark/pkad_data/pdbs/heavy_atom/1hrc.pdb	PKAD2,PKAD3,PKAD-R	4	
1hv0	crystal	/net/work/jones/Karlsberg3/benchmarking/pkad_benchmark/pkad_data/pdbs/heavy_atom/1hv0.pdb	PKAD2,PKAD3,PKAD-R	2	
1hv1	crystal	/net/work/jones/Karlsberg3/benchmarking/pkad_benchmark/pkad_data/pdbs/heavy_atom/1hv1.pdb	PKAD2,PKAD3,PKAD-R	2	
1i0e	crystal	/net/work/jones/Karlsberg3/benchmarking/pkad_benchmark/pkad_data/pdbs/heavy_atom/1i0e.pdb	PKAD2,PKAD3,PKAD-R	1	
1i0v	crystal	/net/work/jones/Karlsberg3/benchmarking/pkad_benchmark/pkad_data/pdbs/heavy_atom/1i0v.pdb	PKAD2,PKAD3	15	
1i7k	crystal	/net/work/jones/Karlsberg3/benchmarking/pkad_benchmark/pkad_data/pdbs/heavy_atom/1i7k.pdb	PKAD3,PKAD-R	1	
1ig5	crystal	/net/work/jones/Karlsberg3/benchmarking/pkad_benchmark/pkad_data/pdbs/heavy_atom/1ig5.pdb	PKAD2,PKAD3	18	
1igc	crystal	/net/work/jones/Karlsberg3/benchmarking/pkad_benchmark/pkad_data/pdbs/heavy_atom/1igc.pdb	PKAD2,PKAD3	9	
1igd	crystal	/net/work/jones/Karlsberg3/benchmarking/pkad_benchmark/pkad_data/pdbs/heavy_atom/1igd.pdb	PKAD2,PKAD3,PKAD-R	10	
1igv	crystal	/net/work/jones/Karlsberg3/benchmarking/pkad_benchmark/pkad_data/pdbs/heavy_atom/1igv.pdb	PKAD2,PKAD3	18	
1iw6	crystal	/net/work/jones/Karlsberg3/benchmarking/pkad_benchmark/pkad_data/pdbs/heavy_atom/1iw6.pdb	PKAD3	1	
1iwg	crystal	/net/work/jones/Karlsberg3/benchmarking/pkad_benchmark/pkad_data/pdbs/heavy_atom/1iwg.pdb	PKAD3	1	
1j42	crystal	/net/work/jones/Karlsberg3/benchmarking/pkad_benchmark/pkad_data/pdbs/heavy_atom/1j42.pdb	PKAD3	1	
1j6y	crystal	/net/work/jones/Karlsberg3/benchmarking/pkad_benchmark/pkad_data/pdbs/heavy_atom/1j6y.pdb	PKAD3	1	
1jas	crystal	/net/work/jones/Karlsberg3/benchmarking/pkad_benchmark/pkad_data/pdbs/heavy_atom/1jas.pdb	PKAD2,PKAD3,PKAD-R	1	
1jbb	crystal	/net/work/jones/Karlsberg3/benchmarking/pkad_benchmark/pkad_data/pdbs/heavy_atom/1jbb.pdb	PKAD2,PKAD3,PKAD-R	1	
1jhb	crystal	/net/work/jones/Karlsberg3/benchmarking/pkad_benchmark/pkad_data/pdbs/heavy_atom/1jhb.pdb	PKAD-R	1	
1jv8	crystal	/net/work/jones/Karlsberg3/benchmarking/pkad_benchmark/pkad_data/pdbs/heavy_atom/1jv8.pdb	PKAD3	12	
1kf3	crystal	/net/work/jones/Karlsberg3/benchmarking/pkad_benchmark/pkad_data/pdbs/heavy_atom/1kf3.pdb	PKAD2,PKAD3	12	
1kn6	crystal	/net/work/jones/Karlsberg3/benchmarking/pkad_benchmark/pkad_data/pdbs/heavy_atom/1kn6.pdb	PKAD3	4	
1kqv	crystal	/net/work/jones/Karlsberg3/benchmarking/pkad_benchmark/pkad_data/pdbs/heavy_atom/1kqv.pdb	PKAD3	18	
1ksm	crystal	/net/work/jones/Karlsberg3/benchmarking/pkad_benchmark/pkad_data/pdbs/heavy_atom/1ksm.pdb	PKAD3	18	
1kte	crystal	/net/work/jones/Karlsberg3/benchmarking/pkad_benchmark/pkad_data/pdbs/heavy_atom/1kte.pdb	PKAD3,PKAD-R	1	
1kvr	crystal	/net/work/jones/Karlsberg3/benchmarking/pkad_benchmark/pkad_data/pdbs/heavy_atom/1kvr.pdb	PKAD-R	1	
1kvs	crystal	/net/work/jones/Karlsberg3/benchmarking/pkad_benchmark/pkad_data/pdbs/heavy_atom/1kvs.pdb	PKAD-R	1	
1kvt	crystal	/net/work/jones/Karlsberg3/benchmarking/pkad_benchmark/pkad_data/pdbs/heavy_atom/1kvt.pdb	PKAD-R	1	
1kxi	crystal	/net/work/jones/Karlsberg3/benchmarking/pkad_benchmark/pkad_data/pdbs/heavy_atom/1kxi.pdb	PKAD2,PKAD3,PKAD-R	4	
1l54	crystal	/net/work/jones/Karlsberg3/benchmarking/pkad_benchmark/pkad_data/pdbs/heavy_atom/1l54.pdb	PKAD2,PKAD3,PKAD-R	1	
1l98	crystal	/net/work/jones/Karlsberg3/benchmarking/pkad_benchmark/pkad_data/pdbs/heavy_atom/1l98.pdb	PKAD-R	1	
1le2	crystal	/net/work/jones/Karlsberg3/benchmarking/pkad_benchmark/pkad_data/pdbs/heavy_atom/1le2.pdb	PKAD3,PKAD-R	7	
1ljl	crystal	/net/work/jones/Karlsberg3/benchmarking/pkad_benchmark/pkad_data/pdbs/heavy_atom/1ljl.pdb	PKAD3	2	
1lju	crystal	/net/work/jones/Karlsberg3/benchmarking/pkad_benchmark/pkad_data/pdbs/heavy_atom/1lju.pdb	PKAD-R	1	
1lkj	crystal	/net/work/jones/Karlsberg3/benchmarking/pkad_benchmark/pkad_data/pdbs/heavy_atom/1lkj.pdb	PKAD3	4	
1lni	crystal	/net/work/jones/Karlsberg3/benchmarking/pkad_benchmark/pkad_data/pdbs/heavy_atom/1lni.pdb	PKAD2,PKAD3,PKAD-R	18	
1lse	crystal	/net/work/jones/Karlsberg3/benchmarking/pkad_benchmark/pkad_data/pdbs/heavy_atom/1lse.pdb	PKAD2,PKAD3	15	
1lys	crystal	/net/work/jones/Karlsberg3/benchmarking/pkad_benchmark/pkad_data/pdbs/heavy_atom/1lys.pdb	PKAD2,PKAD3	15	
1lz1	crystal	/net/work/jones/Karlsberg3/benchmarking/pkad_benchmark/pkad_data/pdbs/heavy_atom/1lz1.pdb	PKAD2,PKAD3,PKAD-R	1	
1m2c	crystal	/net/work/jones/Karlsberg3/benchmarking/pkad_benchmark/pkad_data/pdbs/heavy_atom/1m2c.pdb	PKAD3	2	
1m56	crystal	/net/work/jones/Karlsberg3/benchmarking/pkad_benchmark/pkad_data/pdbs/heavy_atom/1m56.pdb	PKAD3	1	
1mbc	crystal	/net/work/jones/Karlsberg3/benchmarking/pkad_benchmark/pkad_data/pdbs/heavy_atom/1mbc.pdb	PKAD2,PKAD3,PKAD-R	11	
1mek	crystal	/net/work/jones/Karlsberg3/benchmarking/pkad_benchmark/pkad_data/pdbs/heavy_atom/1mek.pdb	PKAD2,PKAD3,PKAD-R	1	
1mgs	crystal	/net/work/jones/Karlsberg3/benchmarking/pkad_benchmark/pkad_data/pdbs/heavy_atom/1mgs.pdb	PKAD3	2	
1mh1	crystal	/net/work/jones/Karlsberg3/benchmarking/pkad_benchmark/pkad_data/pdbs/heavy_atom/1mh1.pdb	PKAD3	1	
1mut	crystal	/net/work/jones/Karlsberg3/benchmarking/pkad_benchmark/pkad_data/pdbs/heavy_atom/1mut.pdb	PKAD2,PKAD3,PKAD-R	2	
1n5u	crystal	/net/work/jones/Karlsberg3/benchmarking/pkad_benchmark/pkad_data/pdbs/heavy_atom/1n5u.pdb	PKAD3	1	
1nfn	crystal	/net/work/jones/Karlsberg3/benchmarking/pkad_benchmark/pkad_data/pdbs/heavy_atom/1nfn.pdb	PKAD2,PKAD3	8	
1ni7	crystal	/net/work/jones/Karlsberg3/benchmarking/pkad_benchmark/pkad_data/pdbs/heavy_atom/1ni7.pdb	PKAD3	1	
1nlx	crystal	/net/work/jones/Karlsberg3/benchmarking/pkad_benchmark/pkad_data/pdbs/heavy_atom/1nlx.pdb	PKAD2,PKAD-R	36	
1nzp	crystal	/net/work/jones/Karlsberg3/benchmarking/pkad_benchmark/pkad_data/pdbs/heavy_atom/1nzp.pdb	PKAD2,PKAD3	10	
1o73	crystal	/net/work/jones/Karlsberg3/benchmarking/pkad_benchmark/pkad_data/pdbs/heavy_atom/1o73.pdb	PKAD-R	1	
1p5f	crystal	/net/work/jones/Karlsberg3/benchmarking/pkad_benchmark/pkad_data/pdbs/heavy_atom/1p5f.pdb	PKAD2,PKAD3,PKAD-R	1	
1pga	crystal	/net/work/jones/Karlsberg3/benchmarking/pkad_benchmark/pkad_data/pdbs/heavy_atom/1pga.pdb	PKAD2,PKAD3	11	
1pgb	crystal	/net/work/jones/Karlsberg3/benchmarking/pkad_benchmark/pkad_data/pdbs/heavy_atom/1pgb.pdb	PKAD2,PKAD3,PKAD-R	11	
1pgj	crystal	/net/work/jones/Karlsberg3/benchmarking/pkad_benchmark/pkad_data/pdbs/heavy_atom/1pgj.pdb	PKAD3	2	
1pnt	crystal	/net/work/jones/Karlsberg3/benchmarking/pkad_benchmark/pkad_data/pdbs/heavy_atom/1pnt.pdb	PKAD2,PKAD3	2	
1poh	crystal	/net/work/jones/Karlsberg3/benchmarking/pkad_benchmark/pkad_data/pdbs/heavy_atom/1poh.pdb	PKAD2,PKAD3,PKAD-R	1	
1ppf	crystal	/net/work/jones/Karlsberg3/benchmarking/pkad_benchmark/pkad_data/pdbs/heavy_atom/1ppf.pdb	PKAD2,PKAD3,PKAD-R	12	
1ppn	crystal	/net/work/jones/Karlsberg3/benchmarking/pkad_benchmark/pkad_data/pdbs/heavy_atom/1ppn.pdb	PKAD2,PKAD3,PKAD-R	1	
1ppo	crystal	/net/work/jones/Karlsberg3/benchmarking/pkad_benchmark/pkad_data/pdbs/heavy_atom/1ppo.pdb	PKAD2,PKAD3,PKAD-R	1	
1prw	crystal	/net/work/jones/Karlsberg3/benchmarking/pkad_benchmark/pkad_data/pdbs/heavy_atom/1prw.pdb	PKAD-R	7	
1ptd	crystal	/net/work/jones/Karlsberg3/benchmarking/pkad_benchmark/pkad_data/pdbs/heavy_atom/1ptd.pdb	PKAD2,PKAD3	4	
1q74	crystal	/net/work/jones/Karlsberg3/benchmarking/pkad_benchmark/pkad_data/pdbs/heavy_atom/1q74.pdb	PKAD3	2	
1qh7	crystal	/net/work/jones/Karlsberg3/benchmarking/pkad_benchmark/pkad_data/pdbs/heavy_atom/1qh7.pdb	PKAD2,PKAD3,PKAD-R	16	
1qk1	crystal	/net/work/jones/Karlsberg3/benchmarking/pkad_benchmark/pkad_data/pdbs/heavy_atom/1qk1.pdb	PKAD-R	1	
1qlp	crystal	/net/work/jones/Karlsberg3/benchmarking/pkad_benchmark/pkad_data/pdbs/heavy_atom/1qlp.pdb	PKAD2,PKAD3,PKAD-R	1	
1qt8	crystal	/net/work/jones/Karlsberg3/benchmarking/pkad_benchmark/pkad_data/pdbs/heavy_atom/1qt8.pdb	PKAD3,PKAD-R	18	
1rdd	crystal	/net/work/jones/Karlsberg3/benchmarking/pkad_benchmark/pkad_data/pdbs/heavy_atom/1rdd.pdb	PKAD2,PKAD3	20	
1rga	crystal	/net/work/jones/Karlsberg3/benchmarking/pkad_benchmark/pkad_data/pdbs/heavy_atom/1rga.pdb	PKAD2,PKAD3	6	
1rgg	crystal	/net/work/jones/Karlsberg3/benchmarking/pkad_benchmark/pkad_data/pdbs/heavy_atom/1rgg.pdb	PKAD2,PKAD3	18	
1rnh	crystal	/net/work/jones/Karlsberg3/benchmarking/pkad_benchmark/pkad_data/pdbs/heavy_atom/1rnh.pdb	PKAD3	20	
1rnz	crystal	/net/work/jones/Karlsberg3/benchmarking/pkad_benchmark/pkad_data/pdbs/heavy_atom/1rnz.pdb	PKAD2,PKAD3	12	
1sap	crystal	/net/work/jones/Karlsberg3/benchmarking/pkad_benchmark/pkad_data/pdbs/heavy_atom/1sap.pdb	PKAD2,PKAD3	12	
1sgz	crystal	/net/work/jones/Karlsberg3/benchmarking/pkad_benchmark/pkad_data/pdbs/heavy_atom/1sgz.pdb	PKAD3	2	
1sso	crystal	/net/work/jones/Karlsberg3/benchmarking/pkad_benchmark/pkad_data/pdbs/heavy_atom/1sso.pdb	PKAD3	9	
1st9	crystal	/net/work/jones/Karlsberg3/benchmarking/pkad_benchmark/pkad_data/pdbs/heavy_atom/1st9.pdb	PKAD-R	1	
1stg	crystal	/net/work/jones/Karlsberg3/benchmarking/pkad_benchmark/pkad_data/pdbs/heavy_atom/1stg.pdb	PKAD2,PKAD3	3	
1stn	crystal	/net/work/jones/Karlsberg3/benchmarking/pkad_benchmark/pkad_data/pdbs/heavy_atom/1stn.pdb	PKAD2,PKAD3,PKAD-R	20	
1sty	crystal	/net/work/jones/Karlsberg3/benchmarking/pkad_benchmark/pkad_data/pdbs/heavy_atom/1sty.pdb	PKAD3	4	
1su9	crystal	/net/work/jones/Karlsberg3/benchmarking/pkad_benchmark/pkad_data/pdbs/heavy_atom/1su9.pdb	PKAD3,PKAD-R	1	
1sux	crystal	/net/work/jones/Karlsberg3/benchmarking/pkad_benchmark/pkad_data/pdbs/heavy_atom/1sux.pdb	PKAD3	1	
1tew	crystal	/net/work/jones/Karlsberg3/benchmarking/pkad_benchmark/pkad_data/pdbs/heavy_atom/1tew.pdb	PKAD3	8	
1tgu	crystal	/net/work/jones/Karlsberg3/benchmarking/pkad_benchmark/pkad_data/pdbs/heavy_atom/1tgu.pdb	PKAD3	7	
1the	crystal	/net/work/jones/Karlsberg3/benchmarking/pkad_benchmark/pkad_data/pdbs/heavy_atom/1the.pdb	PKAD2,PKAD3,PKAD-R	4	
1tl4	crystal	/net/work/jones/Karlsberg3/benchmarking/pkad_benchmark/pkad_data/pdbs/heavy_atom/1tl4.pdb	PKAD3	1	
1tre	crystal	/net/work/jones/Karlsberg3/benchmarking/pkad_benchmark/pkad_data/pdbs/heavy_atom/1tre.pdb	PKAD2	0	
1trs	crystal	/net/work/jones/Karlsberg3/benchmarking/pkad_benchmark/pkad_data/pdbs/heavy_atom/1trs.pdb	PKAD2,PKAD3	17	
1trw	crystal	/net/work/jones/Karlsberg3/benchmarking/pkad_benchmark/pkad_data/pdbs/heavy_atom/1trw.pdb	PKAD2,PKAD3	17	
1tt2	crystal	/net/work/jones/Karlsberg3/benchmarking/pkad_benchmark/pkad_data/pdbs/heavy_atom/1tt2.pdb	PKAD3	1	
1u2u	crystal	/net/work/jones/Karlsberg3/benchmarking/pkad_benchmark/pkad_data/pdbs/heavy_atom/1u2u.pdb	PKAD2,PKAD3,PKAD-R	10	
1u9r	crystal	/net/work/jones/Karlsberg3/benchmarking/pkad_benchmark/pkad_data/pdbs/heavy_atom/1u9r.pdb	PKAD3	1	
1ubq	crystal	/net/work/jones/Karlsberg3/benchmarking/pkad_benchmark/pkad_data/pdbs/heavy_atom/1ubq.pdb	PKAD2,PKAD3,PKAD-R	12	
1v57	crystal	/net/work/jones/Karlsberg3/benchmarking/pkad_benchmark/pkad_data/pdbs/heavy_atom/1v57.pdb	PKAD-R	1	
1va3	crystal	/net/work/jones/Karlsberg3/benchmarking/pkad_benchmark/pkad_data/pdbs/heavy_atom/1va3.pdb	PKAD3	6	
1vii	crystal	/net/work/jones/Karlsberg3/benchmarking/pkad_benchmark/pkad_data/pdbs/heavy_atom/1vii.pdb	PKAD3,PKAD-R	5	
1w4h	crystal	/net/work/jones/Karlsberg3/benchmarking/pkad_benchmark/pkad_data/pdbs/heavy_atom/1w4h.pdb	PKAD3	8	
1wla	crystal	/net/work/jones/Karlsberg3/benchmarking/pkad_benchmark/pkad_data/pdbs/heavy_atom/1wla.pdb	PKAD2,PKAD3	6	
1xnb	crystal	/net/work/jones/Karlsberg3/benchmarking/pkad_benchmark/pkad_data/pdbs/heavy_atom/1xnb.pdb	PKAD2,PKAD3,PKAD-R	10	
1xoa	crystal	/net/work/jones/Karlsberg3/benchmarking/pkad_benchmark/pkad_data/pdbs/heavy_atom/1xoa.pdb	PKAD3	1	
1xob	crystal	/net/work/jones/Karlsberg3/benchmarking/pkad_benchmark/pkad_data/pdbs/heavy_atom/1xob.pdb	PKAD3,PKAD-R	3	
1xsn	crystal	/net/work/jones/Karlsberg3/benchmarking/pkad_benchmark/pkad_data/pdbs/heavy_atom/1xsn.pdb	PKAD2,PKAD3,PKAD-R	10	
1ygw	crystal	/net/work/jones/Karlsberg3/benchmarking/pkad_benchmark/pkad_data/pdbs/heavy_atom/1ygw.pdb	PKAD2,PKAD3	14	
1ymb	crystal	/net/work/jones/Karlsberg3/benchmarking/pkad_benchmark/pkad_data/pdbs/heavy_atom/1ymb.pdb	PKAD2,PKAD3,PKAD-R	6	
1yph	crystal	/net/work/jones/Karlsberg3/benchmarking/pkad_benchmark/pkad_data/pdbs/heavy_atom/1yph.pdb	PKAD2,PKAD3,PKAD-R	3	
1ypi	crystal	/net/work/jones/Karlsberg3/benchmarking/pkad_benchmark/pkad_data/pdbs/heavy_atom/1ypi.pdb	PKAD2,PKAD3,PKAD-R	1	
1ypt	crystal	/net/work/jones/Karlsberg3/benchmarking/pkad_benchmark/pkad_data/pdbs/heavy_atom/1ypt.pdb	PKAD2,PKAD3,PKAD-R	1	
1yrf	crystal	/net/work/jones/Karlsberg3/benchmarking/pkad_benchmark/pkad_data/pdbs/heavy_atom/1yrf.pdb	PKAD3	4	
1z12	crystal	/net/work/jones/Karlsberg3/benchmarking/pkad_benchmark/pkad_data/pdbs/heavy_atom/1z12.pdb	PKAD2,PKAD3	2	
2bca	crystal	/net/work/jones/Karlsberg3/benchmarking/pkad_benchmark/pkad_data/pdbs/heavy_atom/2bca.pdb	PKAD2,PKAD3	10	
2bus	crystal	/net/work/jones/Karlsberg3/benchmarking/pkad_benchmark/pkad_data/pdbs/heavy_atom/2bus.pdb	PKAD2,PKAD3,PKAD-R	4	
2ci2	crystal	/net/work/jones/Karlsberg3/benchmarking/pkad_benchmark/pkad_data/pdbs/heavy_atom/2ci2.pdb	PKAD2,PKAD3,PKAD-R	10	
2cpl	crystal	/net/work/jones/Karlsberg3/benchmarking/pkad_benchmark/pkad_data/pdbs/heavy_atom/2cpl.pdb	PKAD2,PKAD3,PKAD-R	4	
2duc	crystal	/net/work/jones/Karlsberg3/benchmarking/pkad_benchmark/pkad_data/pdbs/heavy_atom/2duc.pdb	PKAD3	2	
2fd3	crystal	/net/work/jones/Karlsberg3/benchmarking/pkad_benchmark/pkad_data/pdbs/heavy_atom/2fd3.pdb	PKAD-R	1	
2fwf	crystal	/net/work/jones/Karlsberg3/benchmarking/pkad_benchmark/pkad_data/pdbs/heavy_atom/2fwf.pdb	PKAD-R	1	
2gb1	crystal	/net/work/jones/Karlsberg3/benchmarking/pkad_benchmark/pkad_data/pdbs/heavy_atom/2gb1.pdb	PKAD2,PKAD3	11	
2h19	crystal	/net/work/jones/Karlsberg3/benchmarking/pkad_benchmark/pkad_data/pdbs/heavy_atom/2h19.pdb	PKAD-R	1	
2h1a	crystal	/net/work/jones/Karlsberg3/benchmarking/pkad_benchmark/pkad_data/pdbs/heavy_atom/2h1a.pdb	PKAD-R	1	
2h1b	crystal	/net/work/jones/Karlsberg3/benchmarking/pkad_benchmark/pkad_data/pdbs/heavy_atom/2h1b.pdb	PKAD-R	1	
2hba	crystal	/net/work/jones/Karlsberg3/benchmarking/pkad_benchmark/pkad_data/pdbs/heavy_atom/2hba.pdb	PKAD3	5	
2hbb	crystal	/net/work/jones/Karlsberg3/benchmarking/pkad_benchmark/pkad_data/pdbs/heavy_atom/2hbb.pdb	PKAD3	5	
2hnp	crystal	/net/work/jones/Karlsberg3/benchmarking/pkad_benchmark/pkad_data/pdbs/heavy_atom/2hnp.pdb	PKAD2,PKAD3,PKAD-R	1	
2igd	crystal	/net/work/jones/Karlsberg3/benchmarking/pkad_benchmark/pkad_data/pdbs/heavy_atom/2igd.pdb	PKAD2,PKAD3	9	
2igh	crystal	/net/work/jones/Karlsberg3/benchmarking/pkad_benchmark/pkad_data/pdbs/heavy_atom/2igh.pdb	PKAD2,PKAD3	10	
2kix	crystal	/net/work/jones/Karlsberg3/benchmarking/pkad_benchmark/pkad_data/pdbs/heavy_atom/2kix.pdb	PKAD3,PKAD-R	2	
2kt2	crystal	/net/work/jones/Karlsberg3/benchmarking/pkad_benchmark/pkad_data/pdbs/heavy_atom/2kt2.pdb	PKAD3	3	
2l6c	crystal	/net/work/jones/Karlsberg3/benchmarking/pkad_benchmark/pkad_data/pdbs/heavy_atom/2l6c.pdb	PKAD3	1	
2l6d	crystal	/net/work/jones/Karlsberg3/benchmarking/pkad_benchmark/pkad_data/pdbs/heavy_atom/2l6d.pdb	PKAD3	3	
2l6x	crystal	/net/work/jones/Karlsberg3/benchmarking/pkad_benchmark/pkad_data/pdbs/heavy_atom/2l6x.pdb	PKAD2,PKAD3,PKAD-R	1	
2l8l	crystal	/net/work/jones/Karlsberg3/benchmarking/pkad_benchmark/pkad_data/pdbs/heavy_atom/2l8l.pdb	PKAD3	1	
2l90	crystal	/net/work/jones/Karlsberg3/benchmarking/pkad_benchmark/pkad_data/pdbs/heavy_atom/2l90.pdb	PKAD2,PKAD-R	1	
2lzm	crystal	/net/work/jones/Karlsberg3/benchmarking/pkad_benchmark/pkad_data/pdbs/heavy_atom/2lzm.pdb	PKAD2,PKAD3,PKAD-R	2	
2lzt	crystal	/net/work/jones/Karlsberg3/benchmarking/pkad_benchmark/pkad_data/pdbs/heavy_atom/2lzt.pdb	PKAD2,PKAD3	21	
2m5s	crystal	/net/work/jones/Karlsberg3/benchmarking/pkad_benchmark/pkad_data/pdbs/heavy_atom/2m5s.pdb	PKAD3	6	
2mb5	crystal	/net/work/jones/Karlsberg3/benchmarking/pkad_benchmark/pkad_data/pdbs/heavy_atom/2mb5.pdb	PKAD2,PKAD3	10	
2mi7	crystal	/net/work/jones/Karlsberg3/benchmarking/pkad_benchmark/pkad_data/pdbs/heavy_atom/2mi7.pdb	PKAD3	1	
2o89	crystal	/net/work/jones/Karlsberg3/benchmarking/pkad_benchmark/pkad_data/pdbs/heavy_atom/2o89.pdb	PKAD3,PKAD-R	1	
2oeo	crystal	/net/work/jones/Karlsberg3/benchmarking/pkad_benchmark/pkad_data/pdbs/heavy_atom/2oeo.pdb	PKAD3,PKAD-R	1	
2ovo	crystal	/net/work/jones/Karlsberg3/benchmarking/pkad_benchmark/pkad_data/pdbs/heavy_atom/2ovo.pdb	PKAD2,PKAD3	13	
2oxp	crystal	/net/work/jones/Karlsberg3/benchmarking/pkad_benchmark/pkad_data/pdbs/heavy_atom/2oxp.pdb	PKAD3,PKAD-R	1	
2ppt	crystal	/net/work/jones/Karlsberg3/benchmarking/pkad_benchmark/pkad_data/pdbs/heavy_atom/2ppt.pdb	PKAD3,PKAD-R	1	
2pyo	crystal	/net/work/jones/Karlsberg3/benchmarking/pkad_benchmark/pkad_data/pdbs/heavy_atom/2pyo.pdb	PKAD2,PKAD-R	8	
2qdb	crystal	/net/work/jones/Karlsberg3/benchmarking/pkad_benchmark/pkad_data/pdbs/heavy_atom/2qdb.pdb	PKAD3,PKAD-R	4	
2qmt	crystal	/net/work/jones/Karlsberg3/benchmarking/pkad_benchmark/pkad_data/pdbs/heavy_atom/2qmt.pdb	PKAD2,PKAD3	11	
2rbm	crystal	/net/work/jones/Karlsberg3/benchmarking/pkad_benchmark/pkad_data/pdbs/heavy_atom/2rbm.pdb	PKAD3,PKAD-R	1	
2rdf	crystal	/net/work/jones/Karlsberg3/benchmarking/pkad_benchmark/pkad_data/pdbs/heavy_atom/2rdf.pdb	PKAD3,PKAD-R	4	
2rks	crystal	/net/work/jones/Karlsberg3/benchmarking/pkad_benchmark/pkad_data/pdbs/heavy_atom/2rks.pdb	PKAD-R	17	
2rn2	crystal	/net/work/jones/Karlsberg3/benchmarking/pkad_benchmark/pkad_data/pdbs/heavy_atom/2rn2.pdb	PKAD2,PKAD3,PKAD-R	22	
2rvq	crystal	/net/work/jones/Karlsberg3/benchmarking/pkad_benchmark/pkad_data/pdbs/heavy_atom/2rvq.pdb	PKAD-R	5	
2sni	crystal	/net/work/jones/Karlsberg3/benchmarking/pkad_benchmark/pkad_data/pdbs/heavy_atom/2sni.pdb	PKAD2,PKAD3	10	
2snm	crystal	/net/work/jones/Karlsberg3/benchmarking/pkad_benchmark/pkad_data/pdbs/heavy_atom/2snm.pdb	PKAD3	1	
2tga	crystal	/net/work/jones/Karlsberg3/benchmarking/pkad_benchmark/pkad_data/pdbs/heavy_atom/2tga.pdb	PKAD2,PKAD3,PKAD-R	4	
2trx	crystal	/net/work/jones/Karlsberg3/benchmarking/pkad_benchmark/pkad_data/pdbs/heavy_atom/2trx.pdb	PKAD2,PKAD3,PKAD-R	6	
2udp	crystal	/net/work/jones/Karlsberg3/benchmarking/pkad_benchmark/pkad_data/pdbs/heavy_atom/2udp.pdb	PKAD3	1	
2v8n	crystal	/net/work/jones/Karlsberg3/benchmarking/pkad_benchmark/pkad_data/pdbs/heavy_atom/2v8n.pdb	PKAD3,PKAD-R	1	
2xv0	crystal	/net/work/jones/Karlsberg3/benchmarking/pkad_benchmark/pkad_data/pdbs/heavy_atom/2xv0.pdb	PKAD3	1	
2xv2	crystal	/net/work/jones/Karlsberg3/benchmarking/pkad_benchmark/pkad_data/pdbs/heavy_atom/2xv2.pdb	PKAD3	1	
2zta	crystal	/net/work/jones/Karlsberg3/benchmarking/pkad_benchmark/pkad_data/pdbs/heavy_atom/2zta.pdb	PKAD2,PKAD3,PKAD-R	15	
3bdc	crystal	/net/work/jones/Karlsberg3/benchmarking/pkad_benchmark/pkad_data/pdbs/heavy_atom/3bdc.pdb	PKAD3,PKAD-R	18	
3bh2	crystal	/net/work/jones/Karlsberg3/benchmarking/pkad_benchmark/pkad_data/pdbs/heavy_atom/3bh2.pdb	PKAD3	1	
3c1e	crystal	/net/work/jones/Karlsberg3/benchmarking/pkad_benchmark/pkad_data/pdbs/heavy_atom/3c1e.pdb	PKAD3,PKAD-R	1	
3c1f	crystal	/net/work/jones/Karlsberg3/benchmarking/pkad_benchmark/pkad_data/pdbs/heavy_atom/3c1f.pdb	PKAD3,PKAD-R	1	
3c1r	crystal	/net/work/jones/Karlsberg3/benchmarking/pkad_benchmark/pkad_data/pdbs/heavy_atom/3c1r.pdb	PKAD-R	0	
3c71	crystal	/net/work/jones/Karlsberg3/benchmarking/pkad_benchmark/pkad_data/pdbs/heavy_atom/3c71.pdb	PKAD-R	2	
3c73	crystal	/net/work/jones/Karlsberg3/benchmarking/pkad_benchmark/pkad_data/pdbs/heavy_atom/3c73.pdb	PKAD-R	2	
3cyf	crystal	/net/work/jones/Karlsberg3/benchmarking/pkad_benchmark/pkad_data/pdbs/heavy_atom/3cyf.pdb	PKAD-R	1	
3cz9	crystal	/net/work/jones/Karlsberg3/benchmarking/pkad_benchmark/pkad_data/pdbs/heavy_atom/3cz9.pdb	PKAD-R	1	
3d4d	crystal	/net/work/jones/Karlsberg3/benchmarking/pkad_benchmark/pkad_data/pdbs/heavy_atom/3d4d.pdb	PKAD3,PKAD-R	1	
3d6c	crystal	/net/work/jones/Karlsberg3/benchmarking/pkad_benchmark/pkad_data/pdbs/heavy_atom/3d6c.pdb	PKAD-R	19	
3dmu	crystal	/net/work/jones/Karlsberg3/benchmarking/pkad_benchmark/pkad_data/pdbs/heavy_atom/3dmu.pdb	PKAD3,PKAD-R	1	
3e5s	crystal	/net/work/jones/Karlsberg3/benchmarking/pkad_benchmark/pkad_data/pdbs/heavy_atom/3e5s.pdb	PKAD3,PKAD-R	1	
3ebx	crystal	/net/work/jones/Karlsberg3/benchmarking/pkad_benchmark/pkad_data/pdbs/heavy_atom/3ebx.pdb	PKAD2,PKAD3,PKAD-R	2	
3egf	crystal	/net/work/jones/Karlsberg3/benchmarking/pkad_benchmark/pkad_data/pdbs/heavy_atom/3egf.pdb	PKAD2,PKAD3	6	
3eji	crystal	/net/work/jones/Karlsberg3/benchmarking/pkad_benchmark/pkad_data/pdbs/heavy_atom/3eji.pdb	PKAD3,PKAD-R	1	
3ero	crystal	/net/work/jones/Karlsberg3/benchmarking/pkad_benchmark/pkad_data/pdbs/heavy_atom/3ero.pdb	PKAD3,PKAD-R	1	
3erq	crystal	/net/work/jones/Karlsberg3/benchmarking/pkad_benchmark/pkad_data/pdbs/heavy_atom/3erq.pdb	PKAD3,PKAD-R	1	
3erw	crystal	/net/work/jones/Karlsberg3/benchmarking/pkad_benchmark/pkad_data/pdbs/heavy_atom/3erw.pdb	PKAD3	2	
3evq	crystal	/net/work/jones/Karlsberg3/benchmarking/pkad_benchmark/pkad_data/pdbs/heavy_atom/3evq.pdb	PKAD3,PKAD-R	1	
3ezg	crystal	/net/work/jones/Karlsberg3/benchmarking/pkad_benchmark/pkad_data/pdbs/heavy_atom/3ezg.pdb	PKAD-R	1	
3f71	crystal	/net/work/jones/Karlsberg3/benchmarking/pkad_benchmark/pkad_data/pdbs/heavy_atom/3f71.pdb	PKAD-R	1	
3ft7	crystal	/net/work/jones/Karlsberg3/benchmarking/pkad_benchmark/pkad_data/pdbs/heavy_atom/3ft7.pdb	PKAD2,PKAD3,PKAD-R	23	
3fx5	crystal	/net/work/jones/Karlsberg3/benchmarking/pkad_benchmark/pkad_data/pdbs/heavy_atom/3fx5.pdb	PKAD2,PKAD3,PKAD-R	6	
3fz9	crystal	/net/work/jones/Karlsberg3/benchmarking/pkad_benchmark/pkad_data/pdbs/heavy_atom/3fz9.pdb	PKAD3	2	
3gb1	crystal	/net/work/jones/Karlsberg3/benchmarking/pkad_benchmark/pkad_data/pdbs/heavy_atom/3gb1.pdb	PKAD2,PKAD3	11	
3gdk	crystal	/net/work/jones/Karlsberg3/benchmarking/pkad_benchmark/pkad_data/pdbs/heavy_atom/3gdk.pdb	PKAD3	1	
3h6m	crystal	/net/work/jones/Karlsberg3/benchmarking/pkad_benchmark/pkad_data/pdbs/heavy_atom/3h6m.pdb	PKAD3,PKAD-R	1	
3hzx	crystal	/net/work/jones/Karlsberg3/benchmarking/pkad_benchmark/pkad_data/pdbs/heavy_atom/3hzx.pdb	PKAD3,PKAD-R	1	
3icb	crystal	/net/work/jones/Karlsberg3/benchmarking/pkad_benchmark/pkad_data/pdbs/heavy_atom/3icb.pdb	PKAD2,PKAD3	19	
3itp	crystal	/net/work/jones/Karlsberg3/benchmarking/pkad_benchmark/pkad_data/pdbs/heavy_atom/3itp.pdb	PKAD-R	1	
3kmf	crystal	/net/work/jones/Karlsberg3/benchmarking/pkad_benchmark/pkad_data/pdbs/heavy_atom/3kmf.pdb	PKAD3	3	
3mkh	crystal	/net/work/jones/Karlsberg3/benchmarking/pkad_benchmark/pkad_data/pdbs/heavy_atom/3mkh.pdb	PKAD3	1	
3nbs	crystal	/net/work/jones/Karlsberg3/benchmarking/pkad_benchmark/pkad_data/pdbs/heavy_atom/3nbs.pdb	PKAD2,PKAD3	3	
3o79	crystal	/net/work/jones/Karlsberg3/benchmarking/pkad_benchmark/pkad_data/pdbs/heavy_atom/3o79.pdb	PKAD3	1	
3p75	crystal	/net/work/jones/Karlsberg3/benchmarking/pkad_benchmark/pkad_data/pdbs/heavy_atom/3p75.pdb	PKAD3,PKAD-R	1	
3qoj	crystal	/net/work/jones/Karlsberg3/benchmarking/pkad_benchmark/pkad_data/pdbs/heavy_atom/3qoj.pdb	PKAD3,PKAD-R	1	
3qol	crystal	/net/work/jones/Karlsberg3/benchmarking/pkad_benchmark/pkad_data/pdbs/heavy_atom/3qol.pdb	PKAD-R	1	
3rn3	crystal	/net/work/jones/Karlsberg3/benchmarking/pkad_benchmark/pkad_data/pdbs/heavy_atom/3rn3.pdb	PKAD2,PKAD3	16	
3ruz	crystal	/net/work/jones/Karlsberg3/benchmarking/pkad_benchmark/pkad_data/pdbs/heavy_atom/3ruz.pdb	PKAD3,PKAD-R	1	
3sk5	crystal	/net/work/jones/Karlsberg3/benchmarking/pkad_benchmark/pkad_data/pdbs/heavy_atom/3sk5.pdb	PKAD3,PKAD-R	1	
3soa	crystal	/net/work/jones/Karlsberg3/benchmarking/pkad_benchmark/pkad_data/pdbs/heavy_atom/3soa.pdb	PKAD3	1	
3srn	crystal	/net/work/jones/Karlsberg3/benchmarking/pkad_benchmark/pkad_data/pdbs/heavy_atom/3srn.pdb	PKAD2,PKAD3	3	
3ssi	crystal	/net/work/jones/Karlsberg3/benchmarking/pkad_benchmark/pkad_data/pdbs/heavy_atom/3ssi.pdb	PKAD2,PKAD3,PKAD-R	2	
3tp7	crystal	/net/work/jones/Karlsberg3/benchmarking/pkad_benchmark/pkad_data/pdbs/heavy_atom/3tp7.pdb	PKAD3,PKAD-R	1	
3tp8	crystal	/net/work/jones/Karlsberg3/benchmarking/pkad_benchmark/pkad_data/pdbs/heavy_atom/3tp8.pdb	PKAD3,PKAD-R	1	
3trx	crystal	/net/work/jones/Karlsberg3/benchmarking/pkad_benchmark/pkad_data/pdbs/heavy_atom/3trx.pdb	PKAD2	1	
3vjo	crystal	/net/work/jones/Karlsberg3/benchmarking/pkad_benchmark/pkad_data/pdbs/heavy_atom/3vjo.pdb	PKAD3	1	
3vzj	crystal	/net/work/jones/Karlsberg3/benchmarking/pkad_benchmark/pkad_data/pdbs/heavy_atom/3vzj.pdb	PKAD3	2	
3vzk	crystal	/net/work/jones/Karlsberg3/benchmarking/pkad_benchmark/pkad_data/pdbs/heavy_atom/3vzk.pdb	PKAD3	3	
3vzl	crystal	/net/work/jones/Karlsberg3/benchmarking/pkad_benchmark/pkad_data/pdbs/heavy_atom/3vzl.pdb	PKAD3	3	
3wu2	crystal	/net/work/jones/Karlsberg3/benchmarking/pkad_benchmark/pkad_data/pdbs/heavy_atom/3wu2.pdb	PKAD2,PKAD-R	36	
4bya	crystal	/net/work/jones/Karlsberg3/benchmarking/pkad_benchmark/pkad_data/pdbs/heavy_atom/4bya.pdb	PKAD-R	2	
4eqo	crystal	/net/work/jones/Karlsberg3/benchmarking/pkad_benchmark/pkad_data/pdbs/heavy_atom/4eqo.pdb	PKAD3	1	
4eqp	crystal	/net/work/jones/Karlsberg3/benchmarking/pkad_benchmark/pkad_data/pdbs/heavy_atom/4eqp.pdb	PKAD3,PKAD-R	1	
4ge0	crystal	/net/work/jones/Karlsberg3/benchmarking/pkad_benchmark/pkad_data/pdbs/heavy_atom/4ge0.pdb	PKAD-R	1	
4ge3	crystal	/net/work/jones/Karlsberg3/benchmarking/pkad_benchmark/pkad_data/pdbs/heavy_atom/4ge3.pdb	PKAD-R	1	
4hhb	crystal	/net/work/jones/Karlsberg3/benchmarking/pkad_benchmark/pkad_data/pdbs/heavy_atom/4hhb.pdb	PKAD2,PKAD3,PKAD-R	11	
4hmi	crystal	/net/work/jones/Karlsberg3/benchmarking/pkad_benchmark/pkad_data/pdbs/heavy_atom/4hmi.pdb	PKAD3,PKAD-R	1	
4hmj	crystal	/net/work/jones/Karlsberg3/benchmarking/pkad_benchmark/pkad_data/pdbs/heavy_atom/4hmj.pdb	PKAD3,PKAD-R	1	
4icb	crystal	/net/work/jones/Karlsberg3/benchmarking/pkad_benchmark/pkad_data/pdbs/heavy_atom/4icb.pdb	PKAD2,PKAD3,PKAD-R	19	
4ky5	crystal	/net/work/jones/Karlsberg3/benchmarking/pkad_benchmark/pkad_data/pdbs/heavy_atom/4ky5.pdb	PKAD3,PKAD-R	1	
4ky6	crystal	/net/work/jones/Karlsberg3/benchmarking/pkad_benchmark/pkad_data/pdbs/heavy_atom/4ky6.pdb	PKAD3,PKAD-R	1	
4ky7	crystal	/net/work/jones/Karlsberg3/benchmarking/pkad_benchmark/pkad_data/pdbs/heavy_atom/4ky7.pdb	PKAD3,PKAD-R	1	
4lds	crystal	/net/work/jones/Karlsberg3/benchmarking/pkad_benchmark/pkad_data/pdbs/heavy_atom/4lds.pdb	PKAD3	1	
4lzt	crystal	/net/work/jones/Karlsberg3/benchmarking/pkad_benchmark/pkad_data/pdbs/heavy_atom/4lzt.pdb	PKAD2,PKAD3,PKAD-R	21	
4ma9	crystal	/net/work/jones/Karlsberg3/benchmarking/pkad_benchmark/pkad_data/pdbs/heavy_atom/4ma9.pdb	PKAD2,PKAD3,PKAD-R	1	
4mbn	crystal	/net/work/jones/Karlsberg3/benchmarking/pkad_benchmark/pkad_data/pdbs/heavy_atom/4mbn.pdb	PKAD2,PKAD3	7	
4myd	crystal	/net/work/jones/Karlsberg3/benchmarking/pkad_benchmark/pkad_data/pdbs/heavy_atom/4myd.pdb	PKAD3	1	
4pti	crystal	/net/work/jones/Karlsberg3/benchmarking/pkad_benchmark/pkad_data/pdbs/heavy_atom/4pti.pdb	PKAD2,PKAD3,PKAD-R	14	
4qyt	crystal	/net/work/jones/Karlsberg3/benchmarking/pkad_benchmark/pkad_data/pdbs/heavy_atom/4qyt.pdb	PKAD-R	1	
4xll	crystal	/net/work/jones/Karlsberg3/benchmarking/pkad_benchmark/pkad_data/pdbs/heavy_atom/4xll.pdb	PKAD-R	1	
4yij	crystal	/net/work/jones/Karlsberg3/benchmarking/pkad_benchmark/pkad_data/pdbs/heavy_atom/4yij.pdb	PKAD3,PKAD-R	1	
5b6m	crystal	/net/work/jones/Karlsberg3/benchmarking/pkad_benchmark/pkad_data/pdbs/heavy_atom/5b6m.pdb	PKAD3	1	
5cce	crystal	/net/work/jones/Karlsberg3/benchmarking/pkad_benchmark/pkad_data/pdbs/heavy_atom/5cce.pdb	PKAD3	1	
5deh	crystal	/net/work/jones/Karlsberg3/benchmarking/pkad_benchmark/pkad_data/pdbs/heavy_atom/5deh.pdb	PKAD3,PKAD-R	1	
5dfr	crystal	/net/work/jones/Karlsberg3/benchmarking/pkad_benchmark/pkad_data/pdbs/heavy_atom/5dfr.pdb	PKAD3	5	
5e1f	crystal	/net/work/jones/Karlsberg3/benchmarking/pkad_benchmark/pkad_data/pdbs/heavy_atom/5e1f.pdb	PKAD3,PKAD-R	1	
5e3f	crystal	/net/work/jones/Karlsberg3/benchmarking/pkad_benchmark/pkad_data/pdbs/heavy_atom/5e3f.pdb	PKAD-R	1	
5egt	crystal	/net/work/jones/Karlsberg3/benchmarking/pkad_benchmark/pkad_data/pdbs/heavy_atom/5egt.pdb	PKAD3,PKAD-R	1	
5g39	crystal	/net/work/jones/Karlsberg3/benchmarking/pkad_benchmark/pkad_data/pdbs/heavy_atom/5g39.pdb	PKAD3	3	
5h3m	crystal	/net/work/jones/Karlsberg3/benchmarking/pkad_benchmark/pkad_data/pdbs/heavy_atom/5h3m.pdb	PKAD3	12	
5i6w	crystal	/net/work/jones/Karlsberg3/benchmarking/pkad_benchmark/pkad_data/pdbs/heavy_atom/5i6w.pdb	PKAD3,PKAD-R	1	
5i6y	crystal	/net/work/jones/Karlsberg3/benchmarking/pkad_benchmark/pkad_data/pdbs/heavy_atom/5i6y.pdb	PKAD3,PKAD-R	1	
5iif	crystal	/net/work/jones/Karlsberg3/benchmarking/pkad_benchmark/pkad_data/pdbs/heavy_atom/5iif.pdb	PKAD3,PKAD-R	1	
5isr	crystal	/net/work/jones/Karlsberg3/benchmarking/pkad_benchmark/pkad_data/pdbs/heavy_atom/5isr.pdb	PKAD3,PKAD-R	15	
5j1z	crystal	/net/work/jones/Karlsberg3/benchmarking/pkad_benchmark/pkad_data/pdbs/heavy_atom/5j1z.pdb	PKAD3,PKAD-R	1	
5j22	crystal	/net/work/jones/Karlsberg3/benchmarking/pkad_benchmark/pkad_data/pdbs/heavy_atom/5j22.pdb	PKAD3	1	
5jav	crystal	/net/work/jones/Karlsberg3/benchmarking/pkad_benchmark/pkad_data/pdbs/heavy_atom/5jav.pdb	PKAD3,PKAD-R	1	
5kgu	crystal	/net/work/jones/Karlsberg3/benchmarking/pkad_benchmark/pkad_data/pdbs/heavy_atom/5kgu.pdb	PKAD3,PKAD-R	1	
5kix	crystal	/net/work/jones/Karlsberg3/benchmarking/pkad_benchmark/pkad_data/pdbs/heavy_atom/5kix.pdb	PKAD3,PKAD-R	1	
5tim	crystal	/net/work/jones/Karlsberg3/benchmarking/pkad_benchmark/pkad_data/pdbs/heavy_atom/5tim.pdb	PKAD2	0	
5x79	crystal	/net/work/jones/Karlsberg3/benchmarking/pkad_benchmark/pkad_data/pdbs/heavy_atom/5x79.pdb	PKAD3	4	
6ayw	crystal	/net/work/jones/Karlsberg3/benchmarking/pkad_benchmark/pkad_data/pdbs/heavy_atom/6ayw.pdb	PKAD3	2	
6eeg	crystal	/net/work/jones/Karlsberg3/benchmarking/pkad_benchmark/pkad_data/pdbs/heavy_atom/6eeg.pdb	PKAD3,PKAD-R	1	
6gst	crystal	/net/work/jones/Karlsberg3/benchmarking/pkad_benchmark/pkad_data/pdbs/heavy_atom/6gst.pdb	PKAD2,PKAD3,PKAD-R	3	
6k5w	crystal	/net/work/jones/Karlsberg3/benchmarking/pkad_benchmark/pkad_data/pdbs/heavy_atom/6k5w.pdb	PKAD3	1	
6lyz	crystal	/net/work/jones/Karlsberg3/benchmarking/pkad_benchmark/pkad_data/pdbs/heavy_atom/6lyz.pdb	PKAD2,PKAD3	1	
6mz1	crystal	/net/work/jones/Karlsberg3/benchmarking/pkad_benchmark/pkad_data/pdbs/heavy_atom/6mz1.pdb	PKAD3	1	
6q46	crystal	/net/work/jones/Karlsberg3/benchmarking/pkad_benchmark/pkad_data/pdbs/heavy_atom/6q46.pdb	PKAD3	2	
6tim	crystal	/net/work/jones/Karlsberg3/benchmarking/pkad_benchmark/pkad_data/pdbs/heavy_atom/6tim.pdb	PKAD3	1	
7b03	crystal	/net/work/jones/Karlsberg3/benchmarking/pkad_benchmark/pkad_data/pdbs/heavy_atom/7b03.pdb	PKAD3	1	
7m2z	crystal	/net/work/jones/Karlsberg3/benchmarking/pkad_benchmark/pkad_data/pdbs/heavy_atom/7m2z.pdb	PKAD2,PKAD-R	28	
7rsa	crystal	/net/work/jones/Karlsberg3/benchmarking/pkad_benchmark/pkad_data/pdbs/heavy_atom/7rsa.pdb	PKAD2,PKAD3,PKAD-R	15	
7xjd	crystal	/net/work/jones/Karlsberg3/benchmarking/pkad_benchmark/pkad_data/pdbs/heavy_atom/7xjd.pdb	PKAD-R	1	
8i41	crystal	/net/work/jones/Karlsberg3/benchmarking/pkad_benchmark/pkad_data/pdbs/heavy_atom/8i41.pdb	PKAD-R	2	
8uoz	crystal	/net/work/jones/Karlsberg3/benchmarking/pkad_benchmark/pkad_data/pdbs/heavy_atom/8uoz.pdb	PKAD-R	1	
9rat	crystal	/net/work/jones/Karlsberg3/benchmarking/pkad_benchmark/pkad_data/pdbs/heavy_atom/9rat.pdb	PKAD2,PKAD3	12	
9rnt	crystal	/net/work/jones/Karlsberg3/benchmarking/pkad_benchmark/pkad_data/pdbs/heavy_atom/9rnt.pdb	PKAD2,PKAD3,PKAD-R	16	
